[21-Sep-2025 17:39:20 UTC] Final per page: 10
[21-Sep-2025 17:39:20 UTC] Per page value: 10
[21-Sep-2025 17:39:20 UTC] GET parameters: Array
(
    [t] => permohonan
)

[21-Sep-2025 17:39:20 UTC] Page: 1, Per Page: 10, Offset: 0
[21-Sep-2025 17:39:20 UTC] Executing SQL: SELECT permohonan.*, pegawai.nama_pegawai AS pegawai_nama_pegawai, pegawai.nama_pegawai AS pegawai_nama_pegawai FROM permohonan LEFT JOIN pegawai ON permohonan.id_pegawai = pegawai.id_pegawai LEFT JOIN pegawai ON permohonan.id_pegawai = pegawai.id_pegawai WHERE permohonan.no_reg_medan = ? LIMIT 1 with ID: REG-2026-017
[21-Sep-2025 17:39:20 UTC] Database error in get_data.php: SQLSTATE[42000]: Syntax error or access violation: 1066 Not unique table/alias: 'pegawai'
[21-Sep-2025 17:39:21 UTC] Processing jenis_perlindungan IDs: 25, 21
[21-Sep-2025 17:39:21 UTC] Executing SQL: SELECT kategori, sub_pilihan FROM jenis_perlindungan WHERE id IN (?,?) ORDER BY kategori, sub_pilihan
[21-Sep-2025 17:39:21 UTC] Query result: [{"kategori":"Bantuan","sub_pilihan":"Rehabilitasi Psikososial"},{"kategori":"Fasilitasi Ganti Rugi","sub_pilihan":"Restitusi"}]
[21-Sep-2025 17:39:21 UTC] Final result: ["Rehabilitasi Psikososial","Restitusi"]
[21-Sep-2025 17:39:21 UTC] Executing SQL: SELECT permohonan.*, pegawai.nama_pegawai AS pegawai_nama_pegawai, pegawai.nama_pegawai AS pegawai_nama_pegawai FROM permohonan LEFT JOIN pegawai ON permohonan.id_pegawai = pegawai.id_pegawai LEFT JOIN pegawai ON permohonan.id_pegawai = pegawai.id_pegawai WHERE permohonan.no_reg_medan = ? LIMIT 1 with ID: REG-MDN-2025-001
[21-Sep-2025 17:39:21 UTC] Database error in get_data.php: SQLSTATE[42000]: Syntax error or access violation: 1066 Not unique table/alias: 'pegawai'
[21-Sep-2025 18:07:32 UTC] Final per page: 10
[21-Sep-2025 18:07:32 UTC] Per page value: 10
[21-Sep-2025 18:07:32 UTC] GET parameters: Array
(
    [t] => permohonan
)

[21-Sep-2025 18:07:32 UTC] Page: 1, Per Page: 10, Offset: 0
[21-Sep-2025 18:07:32 UTC] Executing SQL: SELECT permohonan.*, pegawai.nama_pegawai AS pegawai_nama_pegawai, pegawai.nama_pegawai AS pegawai_nama_pegawai FROM permohonan LEFT JOIN pegawai ON permohonan.id_pegawai = pegawai.id_pegawai LEFT JOIN pegawai ON permohonan.id_pegawai = pegawai.id_pegawai WHERE permohonan.no_reg_medan = ? LIMIT 1 with ID: REG-2026-017
[21-Sep-2025 18:07:32 UTC] Database error in get_data.php: SQLSTATE[42000]: Syntax error or access violation: 1066 Not unique table/alias: 'pegawai'
[21-Sep-2025 18:07:33 UTC] Processing jenis_perlindungan IDs: 25, 21
[21-Sep-2025 18:07:33 UTC] Executing SQL: SELECT kategori, sub_pilihan FROM jenis_perlindungan WHERE id IN (?,?) ORDER BY kategori, sub_pilihan
[21-Sep-2025 18:07:33 UTC] Query result: [{"kategori":"Bantuan","sub_pilihan":"Rehabilitasi Psikososial"},{"kategori":"Fasilitasi Ganti Rugi","sub_pilihan":"Restitusi"}]
[21-Sep-2025 18:07:33 UTC] Final result: ["Rehabilitasi Psikososial","Restitusi"]
[21-Sep-2025 18:07:34 UTC] Executing SQL: SELECT permohonan.*, pegawai.nama_pegawai AS pegawai_nama_pegawai, pegawai.nama_pegawai AS pegawai_nama_pegawai FROM permohonan LEFT JOIN pegawai ON permohonan.id_pegawai = pegawai.id_pegawai LEFT JOIN pegawai ON permohonan.id_pegawai = pegawai.id_pegawai WHERE permohonan.no_reg_medan = ? LIMIT 1 with ID: REG-MDN-2025-001
[21-Sep-2025 18:07:34 UTC] Database error in get_data.php: SQLSTATE[42000]: Syntax error or access violation: 1066 Not unique table/alias: 'pegawai'
[21-Sep-2025 18:07:39 UTC] Executing SQL: SELECT permohonan.*, pegawai.nama_pegawai AS pegawai_nama_pegawai, pegawai.nama_pegawai AS pegawai_nama_pegawai FROM permohonan LEFT JOIN pegawai ON permohonan.id_pegawai = pegawai.id_pegawai LEFT JOIN pegawai ON permohonan.id_pegawai = pegawai.id_pegawai WHERE permohonan.no_reg_medan = ? LIMIT 1 with ID: REG-MDN-2025-001
[21-Sep-2025 18:07:39 UTC] Database error in get_data.php: SQLSTATE[42000]: Syntax error or access violation: 1066 Not unique table/alias: 'pegawai'
[21-Sep-2025 18:07:41 UTC] Final per page: 10
[21-Sep-2025 18:07:41 UTC] Per page value: 10
[21-Sep-2025 18:07:41 UTC] GET parameters: Array
(
    [t] => permohonan
)

[21-Sep-2025 18:07:41 UTC] Page: 1, Per Page: 10, Offset: 0
[21-Sep-2025 18:07:42 UTC] Processing jenis_perlindungan IDs: 25, 21
[21-Sep-2025 18:07:42 UTC] Executing SQL: SELECT kategori, sub_pilihan FROM jenis_perlindungan WHERE id IN (?,?) ORDER BY kategori, sub_pilihan
[21-Sep-2025 18:07:42 UTC] Query result: [{"kategori":"Bantuan","sub_pilihan":"Rehabilitasi Psikososial"},{"kategori":"Fasilitasi Ganti Rugi","sub_pilihan":"Restitusi"}]
[21-Sep-2025 18:07:42 UTC] Final result: ["Rehabilitasi Psikososial","Restitusi"]
[21-Sep-2025 18:07:43 UTC] Executing SQL: SELECT permohonan.*, pegawai.nama_pegawai AS pegawai_nama_pegawai, pegawai.nama_pegawai AS pegawai_nama_pegawai FROM permohonan LEFT JOIN pegawai ON permohonan.id_pegawai = pegawai.id_pegawai LEFT JOIN pegawai ON permohonan.id_pegawai = pegawai.id_pegawai WHERE permohonan.no_reg_medan = ? LIMIT 1 with ID: REG-2026-017
[21-Sep-2025 18:07:43 UTC] Database error in get_data.php: SQLSTATE[42000]: Syntax error or access violation: 1066 Not unique table/alias: 'pegawai'
[21-Sep-2025 18:07:43 UTC] Executing SQL: SELECT permohonan.*, pegawai.nama_pegawai AS pegawai_nama_pegawai, pegawai.nama_pegawai AS pegawai_nama_pegawai FROM permohonan LEFT JOIN pegawai ON permohonan.id_pegawai = pegawai.id_pegawai LEFT JOIN pegawai ON permohonan.id_pegawai = pegawai.id_pegawai WHERE permohonan.no_reg_medan = ? LIMIT 1 with ID: REG-MDN-2025-001
[21-Sep-2025 18:07:43 UTC] Database error in get_data.php: SQLSTATE[42000]: Syntax error or access violation: 1066 Not unique table/alias: 'pegawai'
[21-Sep-2025 18:08:00 UTC] Final per page: 10
[21-Sep-2025 18:08:00 UTC] Per page value: 10
[21-Sep-2025 18:08:00 UTC] GET parameters: Array
(
    [t] => permohonan
)

[21-Sep-2025 18:08:00 UTC] Page: 1, Per Page: 10, Offset: 0
[21-Sep-2025 18:08:00 UTC] Error in get_data.php: SQLSTATE[42000]: Syntax error or access violation: 1066 Not unique table/alias: 'pegawai'
[21-Sep-2025 18:08:01 UTC] Processing jenis_perlindungan IDs: 25, 21
[21-Sep-2025 18:08:01 UTC] Executing SQL: SELECT kategori, sub_pilihan FROM jenis_perlindungan WHERE id IN (?,?) ORDER BY kategori, sub_pilihan
[21-Sep-2025 18:08:01 UTC] Query result: [{"kategori":"Bantuan","sub_pilihan":"Rehabilitasi Psikososial"},{"kategori":"Fasilitasi Ganti Rugi","sub_pilihan":"Restitusi"}]
[21-Sep-2025 18:08:01 UTC] Final result: ["Rehabilitasi Psikososial","Restitusi"]
[21-Sep-2025 18:08:01 UTC] Error in get_data.php: SQLSTATE[42000]: Syntax error or access violation: 1066 Not unique table/alias: 'pegawai'
[21-Sep-2025 18:11:04 UTC] Final per page: 10
[21-Sep-2025 18:11:04 UTC] Per page value: 10
[21-Sep-2025 18:11:04 UTC] GET parameters: Array
(
    [t] => permohonan
)

[21-Sep-2025 18:11:04 UTC] Page: 1, Per Page: 10, Offset: 0
[21-Sep-2025 18:11:04 UTC] Executing SQL: SELECT permohonan.*, pegawai.nama_pegawai AS pegawai_nama_pegawai, pegawai.nama_pegawai AS pegawai_nama_pegawai FROM permohonan LEFT JOIN pegawai ON permohonan.id_pegawai = pegawai.id_pegawai LEFT JOIN pegawai ON permohonan.id_pegawai = pegawai.id_pegawai WHERE permohonan.no_reg_medan = ? LIMIT 1 with ID: REG-2026-017
[21-Sep-2025 18:11:04 UTC] Database error in get_data.php: SQLSTATE[42000]: Syntax error or access violation: 1066 Not unique table/alias: 'pegawai'
[21-Sep-2025 18:11:05 UTC] Processing jenis_perlindungan IDs: 25, 21
[21-Sep-2025 18:11:05 UTC] Executing SQL: SELECT kategori, sub_pilihan FROM jenis_perlindungan WHERE id IN (?,?) ORDER BY kategori, sub_pilihan
[21-Sep-2025 18:11:05 UTC] Query result: [{"kategori":"Bantuan","sub_pilihan":"Rehabilitasi Psikososial"},{"kategori":"Fasilitasi Ganti Rugi","sub_pilihan":"Restitusi"}]
[21-Sep-2025 18:11:05 UTC] Final result: ["Rehabilitasi Psikososial","Restitusi"]
[21-Sep-2025 18:17:29 UTC] Final per page: 10
[21-Sep-2025 18:17:29 UTC] Per page value: 10
[21-Sep-2025 18:17:29 UTC] GET parameters: Array
(
    [t] => permohonan
)

[21-Sep-2025 18:17:29 UTC] Page: 1, Per Page: 10, Offset: 0
[21-Sep-2025 18:17:29 UTC] Executing SQL: SELECT permohonan.*, pegawai.nama_pegawai AS pegawai_nama_pegawai, pegawai.nama_pegawai AS pegawai_nama_pegawai FROM permohonan LEFT JOIN pegawai ON permohonan.id_pegawai = pegawai.id_pegawai LEFT JOIN pegawai ON permohonan.id_pegawai = pegawai.id_pegawai WHERE permohonan.no_reg_medan = ? LIMIT 1 with ID: REG-2026-017
[21-Sep-2025 18:17:29 UTC] Database error in get_data.php: SQLSTATE[42000]: Syntax error or access violation: 1066 Not unique table/alias: 'pegawai'
[21-Sep-2025 18:17:30 UTC] Processing jenis_perlindungan IDs: 25, 21
[21-Sep-2025 18:17:30 UTC] Executing SQL: SELECT kategori, sub_pilihan FROM jenis_perlindungan WHERE id IN (?,?) ORDER BY kategori, sub_pilihan
[21-Sep-2025 18:17:30 UTC] Query result: [{"kategori":"Bantuan","sub_pilihan":"Rehabilitasi Psikososial"},{"kategori":"Fasilitasi Ganti Rugi","sub_pilihan":"Restitusi"}]
[21-Sep-2025 18:17:30 UTC] Final result: ["Rehabilitasi Psikososial","Restitusi"]
[21-Sep-2025 18:17:31 UTC] Executing SQL: SELECT permohonan.*, pegawai.nama_pegawai AS pegawai_nama_pegawai, pegawai.nama_pegawai AS pegawai_nama_pegawai FROM permohonan LEFT JOIN pegawai ON permohonan.id_pegawai = pegawai.id_pegawai LEFT JOIN pegawai ON permohonan.id_pegawai = pegawai.id_pegawai WHERE permohonan.no_reg_medan = ? LIMIT 1 with ID: REG-MDN-2025-001
[21-Sep-2025 18:17:31 UTC] Database error in get_data.php: SQLSTATE[42000]: Syntax error or access violation: 1066 Not unique table/alias: 'pegawai'
[21-Sep-2025 18:17:34 UTC] Executing SQL: SELECT permohonan.*, pegawai.nama_pegawai AS pegawai_nama_pegawai, pegawai.nama_pegawai AS pegawai_nama_pegawai FROM permohonan LEFT JOIN pegawai ON permohonan.id_pegawai = pegawai.id_pegawai LEFT JOIN pegawai ON permohonan.id_pegawai = pegawai.id_pegawai WHERE permohonan.no_reg_medan = ? LIMIT 1 with ID: REG-MDN-2025-001
[21-Sep-2025 18:17:34 UTC] Database error in get_data.php: SQLSTATE[42000]: Syntax error or access violation: 1066 Not unique table/alias: 'pegawai'
[21-Sep-2025 18:20:43 UTC] Final per page: 10
[21-Sep-2025 18:20:43 UTC] Per page value: 10
[21-Sep-2025 18:20:43 UTC] GET parameters: Array
(
    [t] => permohonan
)

[21-Sep-2025 18:20:43 UTC] Page: 1, Per Page: 10, Offset: 0
[21-Sep-2025 18:20:44 UTC] Processing jenis_perlindungan IDs: 25, 21
[21-Sep-2025 18:20:44 UTC] Executing SQL: SELECT kategori, sub_pilihan FROM jenis_perlindungan WHERE id IN (?,?) ORDER BY kategori, sub_pilihan
[21-Sep-2025 18:20:44 UTC] Query result: [{"kategori":"Bantuan","sub_pilihan":"Rehabilitasi Psikososial"},{"kategori":"Fasilitasi Ganti Rugi","sub_pilihan":"Restitusi"}]
[21-Sep-2025 18:20:44 UTC] Final result: ["Rehabilitasi Psikososial","Restitusi"]
[21-Sep-2025 18:20:45 UTC] Executing SQL: SELECT permohonan.*, pegawai.nama_pegawai AS pegawai_nama_pegawai FROM permohonan LEFT JOIN pegawai ON permohonan.id_pegawai = pegawai.id_pegawai WHERE permohonan.no_reg_medan = ? LIMIT 1 with ID: REG-2026-017
[21-Sep-2025 18:20:45 UTC] Final processed data: {"no_reg_medan":"REG-2026-017","nama_pemohon":"ERIKSON","jenis_kelamin":"Laki-laki","status_hukum":"Korban","tgl_pengajuan":"2026-02-14","pihak_perwakilan":"INSTANSI PEMERINTAH","tindak_pidana":"PHB","id_pegawai":6,"kelengkapan_berkas":"Berkas kurang","media_pengajuan":"WA","link_berkas_permohonan":"https:\/\/limo.lpsk.go.id\/apps\/files\/files","jenis_perlindungan":"25,21","kab_kot_locus":"Banda Aceh","provinsi":"Aceh","kab_kota_pemohon":"Banda Aceh selatan","provinsi_pemohon":"Aceh","tempat_permohonan":"MEDAN","created_at":"2025-09-19 14:56:13","updated_at":"2025-09-21 04:23:09","pegawai_nama_pegawai":"Viviani Octaria Parhusip, S.IP","nama_pegawai":"Viviani Octaria Parhusip, S.IP"}
[21-Sep-2025 18:20:45 UTC] Executing SQL: SELECT permohonan.*, pegawai.nama_pegawai AS pegawai_nama_pegawai FROM permohonan LEFT JOIN pegawai ON permohonan.id_pegawai = pegawai.id_pegawai WHERE permohonan.no_reg_medan = ? LIMIT 1 with ID: REG-MDN-2025-001
[21-Sep-2025 18:20:45 UTC] Final processed data: {"no_reg_medan":"REG-MDN-2025-001","nama_pemohon":"ERIKSON","jenis_kelamin":"Laki-laki","status_hukum":"Ahli","tgl_pengajuan":"2025-09-21","pihak_perwakilan":"KELUARGA","tindak_pidana":"NARKOTIKA","id_pegawai":9,"kelengkapan_berkas":"Berkas kurang","media_pengajuan":"MPP","link_berkas_permohonan":"https:\/\/limo.lpsk.go.id\/apps\/files\/files","jenis_perlindungan":"23,20,5,16","kab_kot_locus":"Banda Aceh","provinsi":"Aceh","kab_kota_pemohon":"Banda Aceh selatan","provinsi_pemohon":"Aceh","tempat_permohonan":"MEDAN","created_at":"2025-09-21 23:30:16","updated_at":"2025-09-21 23:30:16","pegawai_nama_pegawai":"Sundari, A.Md.","nama_pegawai":"Sundari, A.Md."}
[21-Sep-2025 18:21:20 UTC] Final per page: 10
[21-Sep-2025 18:21:20 UTC] Per page value: 10
[21-Sep-2025 18:21:20 UTC] GET parameters: Array
(
    [t] => permohonan
)

[21-Sep-2025 18:21:20 UTC] Page: 1, Per Page: 10, Offset: 0
[21-Sep-2025 18:21:20 UTC] Processing jenis_perlindungan IDs: 25, 21
[21-Sep-2025 18:21:20 UTC] Executing SQL: SELECT kategori, sub_pilihan FROM jenis_perlindungan WHERE id IN (?,?) ORDER BY kategori, sub_pilihan
[21-Sep-2025 18:21:20 UTC] Query result: [{"kategori":"Bantuan","sub_pilihan":"Rehabilitasi Psikososial"},{"kategori":"Fasilitasi Ganti Rugi","sub_pilihan":"Restitusi"}]
[21-Sep-2025 18:21:20 UTC] Final result: ["Rehabilitasi Psikososial","Restitusi"]
[21-Sep-2025 18:21:21 UTC] Executing SQL: SELECT permohonan.*, pegawai.nama_pegawai AS pegawai_nama_pegawai FROM permohonan LEFT JOIN pegawai ON permohonan.id_pegawai = pegawai.id_pegawai WHERE permohonan.no_reg_medan = ? LIMIT 1 with ID: REG-2026-017
[21-Sep-2025 18:21:21 UTC] Final processed data: {"no_reg_medan":"REG-2026-017","nama_pemohon":"ERIKSON","jenis_kelamin":"Laki-laki","status_hukum":"Korban","tgl_pengajuan":"2026-02-14","pihak_perwakilan":"INSTANSI PEMERINTAH","tindak_pidana":"PHB","id_pegawai":6,"kelengkapan_berkas":"Berkas kurang","media_pengajuan":"WA","link_berkas_permohonan":"https:\/\/limo.lpsk.go.id\/apps\/files\/files","jenis_perlindungan":"25,21","kab_kot_locus":"Banda Aceh","provinsi":"Aceh","kab_kota_pemohon":"Banda Aceh selatan","provinsi_pemohon":"Aceh","tempat_permohonan":"MEDAN","created_at":"2025-09-19 14:56:13","updated_at":"2025-09-21 04:23:09","pegawai_nama_pegawai":"Viviani Octaria Parhusip, S.IP","nama_pegawai":"Viviani Octaria Parhusip, S.IP"}
[21-Sep-2025 18:21:22 UTC] Executing SQL: SELECT permohonan.*, pegawai.nama_pegawai AS pegawai_nama_pegawai FROM permohonan LEFT JOIN pegawai ON permohonan.id_pegawai = pegawai.id_pegawai WHERE permohonan.no_reg_medan = ? LIMIT 1 with ID: REG-MDN-2025-001
[21-Sep-2025 18:21:22 UTC] Final processed data: {"no_reg_medan":"REG-MDN-2025-001","nama_pemohon":"ERIKSON","jenis_kelamin":"Laki-laki","status_hukum":"Ahli","tgl_pengajuan":"2025-09-21","pihak_perwakilan":"KELUARGA","tindak_pidana":"NARKOTIKA","id_pegawai":9,"kelengkapan_berkas":"Berkas kurang","media_pengajuan":"MPP","link_berkas_permohonan":"https:\/\/limo.lpsk.go.id\/apps\/files\/files","jenis_perlindungan":"23,20,5,16","kab_kot_locus":"Banda Aceh","provinsi":"Aceh","kab_kota_pemohon":"Banda Aceh selatan","provinsi_pemohon":"Aceh","tempat_permohonan":"MEDAN","created_at":"2025-09-21 23:30:16","updated_at":"2025-09-21 23:30:16","pegawai_nama_pegawai":"Sundari, A.Md.","nama_pegawai":"Sundari, A.Md."}
[21-Sep-2025 18:28:06 UTC] Executing SQL: SELECT permohonan.*, pegawai.nama_pegawai AS pegawai_nama_pegawai FROM permohonan LEFT JOIN pegawai ON permohonan.id_pegawai = pegawai.id_pegawai WHERE permohonan.no_reg_medan = ? LIMIT 1 with ID: REG-MDN-2025-001
[21-Sep-2025 18:28:06 UTC] Final processed data: {"no_reg_medan":"REG-MDN-2025-001","nama_pemohon":"ERIKSON","jenis_kelamin":"Laki-laki","status_hukum":"Ahli","tgl_pengajuan":"2025-09-21","pihak_perwakilan":"KELUARGA","tindak_pidana":"NARKOTIKA","id_pegawai":9,"kelengkapan_berkas":"Berkas kurang","media_pengajuan":"MPP","link_berkas_permohonan":"https:\/\/limo.lpsk.go.id\/apps\/files\/files","jenis_perlindungan":"23,20,5,16","kab_kot_locus":"Banda Aceh","provinsi":"Aceh","kab_kota_pemohon":"Banda Aceh selatan","provinsi_pemohon":"Aceh","tempat_permohonan":"MEDAN","created_at":"2025-09-21 23:30:16","updated_at":"2025-09-21 23:30:16","pegawai_nama_pegawai":"Sundari, A.Md.","nama_pegawai":"Sundari, A.Md."}
[21-Sep-2025 18:39:19 UTC] Final per page: 10
[21-Sep-2025 18:39:19 UTC] Per page value: 10
[21-Sep-2025 18:39:19 UTC] GET parameters: Array
(
    [t] => permohonan
)

[21-Sep-2025 18:39:19 UTC] Page: 1, Per Page: 10, Offset: 0
[21-Sep-2025 18:39:20 UTC] Executing SQL: SELECT permohonan.*, pegawai.nama_pegawai AS pegawai_nama_pegawai, pegawai.nama_pegawai AS pegawai_nama_pegawai FROM permohonan LEFT JOIN pegawai ON permohonan.id_pegawai = pegawai.id_pegawai LEFT JOIN pegawai ON permohonan.id_pegawai = pegawai.id_pegawai WHERE permohonan.no_reg_medan = ? LIMIT 1 with ID: REG-2026-017
[21-Sep-2025 18:39:20 UTC] Database error in get_data.php: SQLSTATE[42000]: Syntax error or access violation: 1066 Not unique table/alias: 'pegawai'
[21-Sep-2025 18:39:21 UTC] Processing jenis_perlindungan IDs: 25, 21
[21-Sep-2025 18:39:21 UTC] Executing SQL: SELECT kategori, sub_pilihan FROM jenis_perlindungan WHERE id IN (?,?) ORDER BY kategori, sub_pilihan
[21-Sep-2025 18:39:21 UTC] Query result: [{"kategori":"Bantuan","sub_pilihan":"Rehabilitasi Psikososial"},{"kategori":"Fasilitasi Ganti Rugi","sub_pilihan":"Restitusi"}]
[21-Sep-2025 18:39:21 UTC] Final result: ["Rehabilitasi Psikososial","Restitusi"]
[21-Sep-2025 18:39:22 UTC] Executing SQL: SELECT permohonan.*, pegawai.nama_pegawai AS pegawai_nama_pegawai, pegawai.nama_pegawai AS pegawai_nama_pegawai FROM permohonan LEFT JOIN pegawai ON permohonan.id_pegawai = pegawai.id_pegawai LEFT JOIN pegawai ON permohonan.id_pegawai = pegawai.id_pegawai WHERE permohonan.no_reg_medan = ? LIMIT 1 with ID: REG-MDN-2025-001
[21-Sep-2025 18:39:22 UTC] Database error in get_data.php: SQLSTATE[42000]: Syntax error or access violation: 1066 Not unique table/alias: 'pegawai'
[21-Sep-2025 18:39:45 UTC] Final per page: 10
[21-Sep-2025 18:39:45 UTC] Per page value: 10
[21-Sep-2025 18:39:45 UTC] GET parameters: Array
(
    [t] => permohonan
)

[21-Sep-2025 18:39:45 UTC] Page: 1, Per Page: 10, Offset: 0
[21-Sep-2025 18:39:45 UTC] Executing SQL: SELECT permohonan.*, pegawai.nama_pegawai AS pegawai_nama_pegawai, pegawai.nama_pegawai AS pegawai_nama_pegawai FROM permohonan LEFT JOIN pegawai ON permohonan.id_pegawai = pegawai.id_pegawai LEFT JOIN pegawai ON permohonan.id_pegawai = pegawai.id_pegawai WHERE permohonan.no_reg_medan = ? LIMIT 1 with ID: REG-2026-017
[21-Sep-2025 18:39:45 UTC] Database error in get_data.php: SQLSTATE[42000]: Syntax error or access violation: 1066 Not unique table/alias: 'pegawai'
[21-Sep-2025 18:39:46 UTC] Processing jenis_perlindungan IDs: 25, 21
[21-Sep-2025 18:39:46 UTC] Executing SQL: SELECT kategori, sub_pilihan FROM jenis_perlindungan WHERE id IN (?,?) ORDER BY kategori, sub_pilihan
[21-Sep-2025 18:39:46 UTC] Query result: [{"kategori":"Bantuan","sub_pilihan":"Rehabilitasi Psikososial"},{"kategori":"Fasilitasi Ganti Rugi","sub_pilihan":"Restitusi"}]
[21-Sep-2025 18:39:46 UTC] Final result: ["Rehabilitasi Psikososial","Restitusi"]
[21-Sep-2025 18:39:47 UTC] Executing SQL: SELECT permohonan.*, pegawai.nama_pegawai AS pegawai_nama_pegawai, pegawai.nama_pegawai AS pegawai_nama_pegawai FROM permohonan LEFT JOIN pegawai ON permohonan.id_pegawai = pegawai.id_pegawai LEFT JOIN pegawai ON permohonan.id_pegawai = pegawai.id_pegawai WHERE permohonan.no_reg_medan = ? LIMIT 1 with ID: REG-MDN-2025-001
[21-Sep-2025 18:39:47 UTC] Database error in get_data.php: SQLSTATE[42000]: Syntax error or access violation: 1066 Not unique table/alias: 'pegawai'
[21-Sep-2025 18:39:56 UTC] Final per page: 10
[21-Sep-2025 18:39:56 UTC] Per page value: 10
[21-Sep-2025 18:39:56 UTC] GET parameters: Array
(
    [t] => permohonan
)

[21-Sep-2025 18:39:56 UTC] Page: 1, Per Page: 10, Offset: 0
[21-Sep-2025 18:39:56 UTC] Executing SQL: SELECT permohonan.*, pegawai.nama_pegawai AS pegawai_nama_pegawai, pegawai.nama_pegawai AS pegawai_nama_pegawai FROM permohonan LEFT JOIN pegawai ON permohonan.id_pegawai = pegawai.id_pegawai LEFT JOIN pegawai ON permohonan.id_pegawai = pegawai.id_pegawai WHERE permohonan.no_reg_medan = ? LIMIT 1 with ID: REG-2026-017
[21-Sep-2025 18:39:56 UTC] Database error in get_data.php: SQLSTATE[42000]: Syntax error or access violation: 1066 Not unique table/alias: 'pegawai'
[21-Sep-2025 18:39:57 UTC] Processing jenis_perlindungan IDs: 25, 21
[21-Sep-2025 18:39:57 UTC] Executing SQL: SELECT kategori, sub_pilihan FROM jenis_perlindungan WHERE id IN (?,?) ORDER BY kategori, sub_pilihan
[21-Sep-2025 18:39:57 UTC] Query result: [{"kategori":"Bantuan","sub_pilihan":"Rehabilitasi Psikososial"},{"kategori":"Fasilitasi Ganti Rugi","sub_pilihan":"Restitusi"}]
[21-Sep-2025 18:39:57 UTC] Final result: ["Rehabilitasi Psikososial","Restitusi"]
[21-Sep-2025 18:39:58 UTC] Executing SQL: SELECT permohonan.*, pegawai.nama_pegawai AS pegawai_nama_pegawai, pegawai.nama_pegawai AS pegawai_nama_pegawai FROM permohonan LEFT JOIN pegawai ON permohonan.id_pegawai = pegawai.id_pegawai LEFT JOIN pegawai ON permohonan.id_pegawai = pegawai.id_pegawai WHERE permohonan.no_reg_medan = ? LIMIT 1 with ID: REG-MDN-2025-001
[21-Sep-2025 18:39:58 UTC] Database error in get_data.php: SQLSTATE[42000]: Syntax error or access violation: 1066 Not unique table/alias: 'pegawai'
[21-Sep-2025 18:40:40 UTC] Final per page: 10
[21-Sep-2025 18:40:40 UTC] Per page value: 10
[21-Sep-2025 18:40:40 UTC] GET parameters: Array
(
    [t] => permohonan
)

[21-Sep-2025 18:40:40 UTC] Page: 1, Per Page: 10, Offset: 0
[21-Sep-2025 18:40:40 UTC] Processing jenis_perlindungan IDs: 25, 21
[21-Sep-2025 18:40:40 UTC] Executing SQL: SELECT kategori, sub_pilihan FROM jenis_perlindungan WHERE id IN (?,?) ORDER BY kategori, sub_pilihan
[21-Sep-2025 18:40:40 UTC] Query result: [{"kategori":"Bantuan","sub_pilihan":"Rehabilitasi Psikososial"},{"kategori":"Fasilitasi Ganti Rugi","sub_pilihan":"Restitusi"}]
[21-Sep-2025 18:40:40 UTC] Final result: ["Rehabilitasi Psikososial","Restitusi"]
[21-Sep-2025 18:40:41 UTC] Executing SQL: SELECT permohonan.*, pegawai.nama_pegawai AS pegawai_nama_pegawai FROM permohonan LEFT JOIN pegawai ON permohonan.id_pegawai = pegawai.id_pegawai WHERE permohonan.no_reg_medan = ? LIMIT 1 with ID: REG-2026-017
[21-Sep-2025 18:40:41 UTC] Final processed data: {"no_reg_medan":"REG-2026-017","nama_pemohon":"ERIKSON","jenis_kelamin":"Laki-laki","status_hukum":"Korban","tgl_pengajuan":"2026-02-14","pihak_perwakilan":"INSTANSI PEMERINTAH","tindak_pidana":"PHB","id_pegawai":6,"kelengkapan_berkas":"Berkas kurang","media_pengajuan":"WA","link_berkas_permohonan":"https:\/\/limo.lpsk.go.id\/apps\/files\/files","jenis_perlindungan":"25,21","kab_kot_locus":"Banda Aceh","provinsi":"Aceh","kab_kota_pemohon":"Banda Aceh selatan","provinsi_pemohon":"Aceh","tempat_permohonan":"MEDAN","created_at":"2025-09-19 14:56:13","updated_at":"2025-09-21 04:23:09","pegawai_nama_pegawai":"Viviani Octaria Parhusip, S.IP","nama_pegawai":"Viviani Octaria Parhusip, S.IP"}
[21-Sep-2025 18:40:42 UTC] Executing SQL: SELECT permohonan.*, pegawai.nama_pegawai AS pegawai_nama_pegawai FROM permohonan LEFT JOIN pegawai ON permohonan.id_pegawai = pegawai.id_pegawai WHERE permohonan.no_reg_medan = ? LIMIT 1 with ID: REG-MDN-2025-001
[21-Sep-2025 18:40:42 UTC] Final processed data: {"no_reg_medan":"REG-MDN-2025-001","nama_pemohon":"ERIKSON","jenis_kelamin":"Laki-laki","status_hukum":"Ahli","tgl_pengajuan":"2025-09-21","pihak_perwakilan":"KELUARGA","tindak_pidana":"NARKOTIKA","id_pegawai":9,"kelengkapan_berkas":"Berkas kurang","media_pengajuan":"MPP","link_berkas_permohonan":"https:\/\/limo.lpsk.go.id\/apps\/files\/files","jenis_perlindungan":"23,20,5,16","kab_kot_locus":"Banda Aceh","provinsi":"Aceh","kab_kota_pemohon":"Banda Aceh selatan","provinsi_pemohon":"Aceh","tempat_permohonan":"MEDAN","created_at":"2025-09-21 23:30:16","updated_at":"2025-09-21 23:30:16","pegawai_nama_pegawai":"Sundari, A.Md.","nama_pegawai":"Sundari, A.Md."}
[21-Sep-2025 18:41:31 UTC] Executing SQL: SELECT permohonan.*, pegawai.nama_pegawai AS pegawai_nama_pegawai FROM permohonan LEFT JOIN pegawai ON permohonan.id_pegawai = pegawai.id_pegawai WHERE permohonan.no_reg_medan = ? LIMIT 1 with ID: REG-MDN-2025-001
[21-Sep-2025 18:41:31 UTC] Final processed data: {"no_reg_medan":"REG-MDN-2025-001","nama_pemohon":"ERIKSON","jenis_kelamin":"Laki-laki","status_hukum":"Ahli","tgl_pengajuan":"2025-09-21","pihak_perwakilan":"KELUARGA","tindak_pidana":"NARKOTIKA","id_pegawai":9,"kelengkapan_berkas":"Berkas kurang","media_pengajuan":"MPP","link_berkas_permohonan":"https:\/\/limo.lpsk.go.id\/apps\/files\/files","jenis_perlindungan":"23,20,5,16","kab_kot_locus":"Banda Aceh","provinsi":"Aceh","kab_kota_pemohon":"Banda Aceh selatan","provinsi_pemohon":"Aceh","tempat_permohonan":"MEDAN","created_at":"2025-09-21 23:30:16","updated_at":"2025-09-21 23:30:16","pegawai_nama_pegawai":"Sundari, A.Md.","nama_pegawai":"Sundari, A.Md."}
[21-Sep-2025 18:41:54 UTC] Field no_reg_medan: 'REG-MDN-2025-001'
[21-Sep-2025 18:41:54 UTC] Field nama_pemohon: 'ERIKSON'
[21-Sep-2025 18:41:54 UTC] Field jenis_kelamin: 'laki-laki'
[21-Sep-2025 18:41:54 UTC] Field status_hukum: 'Ahli'
[21-Sep-2025 18:41:54 UTC] Field tgl_pengajuan: '2025-09-21'
[21-Sep-2025 18:41:54 UTC] Field pihak_perwakilan: 'KELUARGA'
[21-Sep-2025 18:41:54 UTC] Field tindak_pidana: 'NARKOTIKA'
[21-Sep-2025 18:41:54 UTC] Field id_pegawai: '6'
[21-Sep-2025 18:41:54 UTC] Field kelengkapan_berkas: 'Berkas kurang'
[21-Sep-2025 18:41:54 UTC] Field media_pengajuan: 'MPP'
[21-Sep-2025 18:41:54 UTC] Field link_berkas_permohonan: 'https://limo.lpsk.go.id/apps/files/files'
[21-Sep-2025 18:41:54 UTC] Field kab_kot_locus: 'Banda Aceh'
[21-Sep-2025 18:41:54 UTC] Field provinsi: 'Aceh'
[21-Sep-2025 18:41:54 UTC] Field kab_kota_pemohon: 'Banda Aceh selatan'
[21-Sep-2025 18:41:54 UTC] Field provinsi_pemohon: 'Aceh'
[21-Sep-2025 18:41:54 UTC] Field tempat_permohonan: 'MEDAN'
[21-Sep-2025 18:41:54 UTC] Data to save: Array
(
    [no_reg_medan] => REG-MDN-2025-001
    [nama_pemohon] => ERIKSON
    [jenis_kelamin] => laki-laki
    [status_hukum] => Ahli
    [tgl_pengajuan] => 2025-09-21
    [pihak_perwakilan] => KELUARGA
    [tindak_pidana] => NARKOTIKA
    [id_pegawai] => 6
    [kelengkapan_berkas] => Berkas kurang
    [media_pengajuan] => MPP
    [link_berkas_permohonan] => https://limo.lpsk.go.id/apps/files/files
    [jenis_perlindungan] => 24,25,21,8,2,15,16
    [kab_kot_locus] => Banda Aceh
    [provinsi] => Aceh
    [kab_kota_pemohon] => Banda Aceh selatan
    [provinsi_pemohon] => Aceh
    [tempat_permohonan] => MEDAN
)

[21-Sep-2025 18:41:54 UTC] SQL: UPDATE permohonan SET no_reg_medan=?,nama_pemohon=?,jenis_kelamin=?,status_hukum=?,tgl_pengajuan=?,pihak_perwakilan=?,tindak_pidana=?,id_pegawai=?,kelengkapan_berkas=?,media_pengajuan=?,link_berkas_permohonan=?,jenis_perlindungan=?,kab_kot_locus=?,provinsi=?,kab_kota_pemohon=?,provinsi_pemohon=?,tempat_permohonan=? WHERE no_reg_medan=?
[21-Sep-2025 18:41:54 UTC] Params: Array
(
    [0] => REG-MDN-2025-001
    [1] => ERIKSON
    [2] => laki-laki
    [3] => Ahli
    [4] => 2025-09-21
    [5] => KELUARGA
    [6] => NARKOTIKA
    [7] => 6
    [8] => Berkas kurang
    [9] => MPP
    [10] => https://limo.lpsk.go.id/apps/files/files
    [11] => 24,25,21,8,2,15,16
    [12] => Banda Aceh
    [13] => Aceh
    [14] => Banda Aceh selatan
    [15] => Aceh
    [16] => MEDAN
    [17] => REG-MDN-2025-001
)

[21-Sep-2025 18:41:54 UTC] Final per page: 10
[21-Sep-2025 18:41:54 UTC] Per page value: 10
[21-Sep-2025 18:41:54 UTC] GET parameters: Array
(
    [t] => permohonan
)

[21-Sep-2025 18:41:54 UTC] Page: 1, Per Page: 10, Offset: 0
[21-Sep-2025 18:41:54 UTC] Executing SQL: SELECT permohonan.*, pegawai.nama_pegawai AS pegawai_nama_pegawai FROM permohonan LEFT JOIN pegawai ON permohonan.id_pegawai = pegawai.id_pegawai WHERE permohonan.no_reg_medan = ? LIMIT 1 with ID: REG-2026-017
[21-Sep-2025 18:41:54 UTC] Final processed data: {"no_reg_medan":"REG-2026-017","nama_pemohon":"ERIKSON","jenis_kelamin":"Laki-laki","status_hukum":"Korban","tgl_pengajuan":"2026-02-14","pihak_perwakilan":"INSTANSI PEMERINTAH","tindak_pidana":"PHB","id_pegawai":6,"kelengkapan_berkas":"Berkas kurang","media_pengajuan":"WA","link_berkas_permohonan":"https:\/\/limo.lpsk.go.id\/apps\/files\/files","jenis_perlindungan":"25,21","kab_kot_locus":"Banda Aceh","provinsi":"Aceh","kab_kota_pemohon":"Banda Aceh selatan","provinsi_pemohon":"Aceh","tempat_permohonan":"MEDAN","created_at":"2025-09-19 14:56:13","updated_at":"2025-09-21 04:23:09","pegawai_nama_pegawai":"Viviani Octaria Parhusip, S.IP","nama_pegawai":"Viviani Octaria Parhusip, S.IP"}
[21-Sep-2025 18:41:55 UTC] Processing jenis_perlindungan IDs: 25, 21
[21-Sep-2025 18:41:55 UTC] Executing SQL: SELECT kategori, sub_pilihan FROM jenis_perlindungan WHERE id IN (?,?) ORDER BY kategori, sub_pilihan
[21-Sep-2025 18:41:55 UTC] Query result: [{"kategori":"Bantuan","sub_pilihan":"Rehabilitasi Psikososial"},{"kategori":"Fasilitasi Ganti Rugi","sub_pilihan":"Restitusi"}]
[21-Sep-2025 18:41:55 UTC] Final result: ["Rehabilitasi Psikososial","Restitusi"]
[21-Sep-2025 18:42:04 UTC] Executing SQL: SELECT permohonan.*, pegawai.nama_pegawai AS pegawai_nama_pegawai FROM permohonan LEFT JOIN pegawai ON permohonan.id_pegawai = pegawai.id_pegawai WHERE permohonan.no_reg_medan = ? LIMIT 1 with ID: REG-MDN-2025-001
[21-Sep-2025 18:42:04 UTC] Final processed data: {"no_reg_medan":"REG-MDN-2025-001","nama_pemohon":"ERIKSON","jenis_kelamin":"Laki-laki","status_hukum":"Ahli","tgl_pengajuan":"2025-09-21","pihak_perwakilan":"KELUARGA","tindak_pidana":"NARKOTIKA","id_pegawai":6,"kelengkapan_berkas":"Berkas kurang","media_pengajuan":"MPP","link_berkas_permohonan":"https:\/\/limo.lpsk.go.id\/apps\/files\/files","jenis_perlindungan":"24,25,21,8,2,15,16","kab_kot_locus":"Banda Aceh","provinsi":"Aceh","kab_kota_pemohon":"Banda Aceh selatan","provinsi_pemohon":"Aceh","tempat_permohonan":"MEDAN","created_at":"2025-09-21 23:30:16","updated_at":"2025-09-22 01:41:54","pegawai_nama_pegawai":"Viviani Octaria Parhusip, S.IP","nama_pegawai":"Viviani Octaria Parhusip, S.IP"}
[21-Sep-2025 18:42:16 UTC] Executing SQL: SELECT permohonan.*, pegawai.nama_pegawai AS pegawai_nama_pegawai FROM permohonan LEFT JOIN pegawai ON permohonan.id_pegawai = pegawai.id_pegawai WHERE permohonan.no_reg_medan = ? LIMIT 1 with ID: REG-MDN-2025-001
[21-Sep-2025 18:42:16 UTC] Final processed data: {"no_reg_medan":"REG-MDN-2025-001","nama_pemohon":"ERIKSON","jenis_kelamin":"Laki-laki","status_hukum":"Ahli","tgl_pengajuan":"2025-09-21","pihak_perwakilan":"KELUARGA","tindak_pidana":"NARKOTIKA","id_pegawai":6,"kelengkapan_berkas":"Berkas kurang","media_pengajuan":"MPP","link_berkas_permohonan":"https:\/\/limo.lpsk.go.id\/apps\/files\/files","jenis_perlindungan":"24,25,21,8,2,15,16","kab_kot_locus":"Banda Aceh","provinsi":"Aceh","kab_kota_pemohon":"Banda Aceh selatan","provinsi_pemohon":"Aceh","tempat_permohonan":"MEDAN","created_at":"2025-09-21 23:30:16","updated_at":"2025-09-22 01:41:54","pegawai_nama_pegawai":"Viviani Octaria Parhusip, S.IP","nama_pegawai":"Viviani Octaria Parhusip, S.IP"}
[21-Sep-2025 18:42:31 UTC] Final per page: 10
[21-Sep-2025 18:42:31 UTC] Per page value: 10
[21-Sep-2025 18:42:31 UTC] GET parameters: Array
(
    [t] => permohonan
)

[21-Sep-2025 18:42:31 UTC] Page: 1, Per Page: 10, Offset: 0
[21-Sep-2025 18:42:31 UTC] Processing jenis_perlindungan IDs: 25, 21
[21-Sep-2025 18:42:31 UTC] Executing SQL: SELECT kategori, sub_pilihan FROM jenis_perlindungan WHERE id IN (?,?) ORDER BY kategori, sub_pilihan
[21-Sep-2025 18:42:31 UTC] Query result: [{"kategori":"Bantuan","sub_pilihan":"Rehabilitasi Psikososial"},{"kategori":"Fasilitasi Ganti Rugi","sub_pilihan":"Restitusi"}]
[21-Sep-2025 18:42:31 UTC] Final result: ["Rehabilitasi Psikososial","Restitusi"]
[21-Sep-2025 18:42:32 UTC] Final per page: 10
[21-Sep-2025 18:42:32 UTC] Per page value: 10
[21-Sep-2025 18:42:32 UTC] GET parameters: Array
(
    [t] => penelaahan
)

[21-Sep-2025 18:42:32 UTC] Page: 1, Per Page: 10, Offset: 0
[21-Sep-2025 18:42:32 UTC] Executing SQL: SELECT permohonan.*, pegawai.nama_pegawai AS pegawai_nama_pegawai FROM permohonan LEFT JOIN pegawai ON permohonan.id_pegawai = pegawai.id_pegawai WHERE permohonan.no_reg_medan = ? LIMIT 1 with ID: REG-2026-017
[21-Sep-2025 18:42:32 UTC] Final processed data: {"no_reg_medan":"REG-2026-017","nama_pemohon":"ERIKSON","jenis_kelamin":"Laki-laki","status_hukum":"Korban","tgl_pengajuan":"2026-02-14","pihak_perwakilan":"INSTANSI PEMERINTAH","tindak_pidana":"PHB","id_pegawai":6,"kelengkapan_berkas":"Berkas kurang","media_pengajuan":"WA","link_berkas_permohonan":"https:\/\/limo.lpsk.go.id\/apps\/files\/files","jenis_perlindungan":"25,21","kab_kot_locus":"Banda Aceh","provinsi":"Aceh","kab_kota_pemohon":"Banda Aceh selatan","provinsi_pemohon":"Aceh","tempat_permohonan":"MEDAN","created_at":"2025-09-19 14:56:13","updated_at":"2025-09-21 04:23:09","pegawai_nama_pegawai":"Viviani Octaria Parhusip, S.IP","nama_pegawai":"Viviani Octaria Parhusip, S.IP"}
[21-Sep-2025 18:42:32 UTC] Executing SQL: SELECT penelaahan.*, pegawai.nama_pegawai AS pegawai_nama_pegawai, permohonan.nama_pemohon AS permohonan_nama_pemohon, permohonan.jenis_kelamin AS permohonan_jenis_kelamin, permohonan.kab_kota_pemohon AS permohonan_kab_kota_pemohon, permohonan.provinsi_pemohon AS permohonan_provinsi_pemohon, permohonan.tindak_pidana AS permohonan_tindak_pidana, permohonan.status_hukum AS permohonan_status_hukum, permohonan.kab_kot_locus AS permohonan_kab_kot_locus, permohonan.jenis_perlindungan AS permohonan_jenis_perlindungan FROM penelaahan LEFT JOIN pegawai ON penelaahan.id_pegawai = pegawai.id_pegawai LEFT JOIN permohonan ON penelaahan.no_reg_medan = permohonan.no_reg_medan WHERE penelaahan.no_registrasi = ? LIMIT 1 with ID: REG-2026-017
[21-Sep-2025 18:42:32 UTC] Final processed data: false
[21-Sep-2025 18:42:33 UTC] Processing jenis_perlindungan IDs: 25, 21
[21-Sep-2025 18:42:33 UTC] Executing SQL: SELECT kategori, sub_pilihan FROM jenis_perlindungan WHERE id IN (?,?) ORDER BY kategori, sub_pilihan
[21-Sep-2025 18:42:33 UTC] Query result: [{"kategori":"Bantuan","sub_pilihan":"Rehabilitasi Psikososial"},{"kategori":"Fasilitasi Ganti Rugi","sub_pilihan":"Restitusi"}]
[21-Sep-2025 18:42:33 UTC] Final result: ["Rehabilitasi Psikososial","Restitusi"]
[21-Sep-2025 18:42:37 UTC] Final per page: 10
[21-Sep-2025 18:42:37 UTC] Per page value: 10
[21-Sep-2025 18:42:37 UTC] GET parameters: Array
(
    [t] => layanan
)

[21-Sep-2025 18:42:37 UTC] Page: 1, Per Page: 10, Offset: 0
[21-Sep-2025 18:42:37 UTC] Processing jenis_perlindungan IDs: 25, 21
[21-Sep-2025 18:42:37 UTC] Executing SQL: SELECT kategori, sub_pilihan FROM jenis_perlindungan WHERE id IN (?,?) ORDER BY kategori, sub_pilihan
[21-Sep-2025 18:42:37 UTC] Query result: [{"kategori":"Bantuan","sub_pilihan":"Rehabilitasi Psikososial"},{"kategori":"Fasilitasi Ganti Rugi","sub_pilihan":"Restitusi"}]
[21-Sep-2025 18:42:37 UTC] Final result: ["Rehabilitasi Psikososial","Restitusi"]
[21-Sep-2025 18:42:38 UTC] Executing SQL: SELECT layanan.*, pegawai.nama_pegawai AS pegawai_nama_pegawai, permohonan.status_hukum AS permohonan_status_hukum, permohonan.kab_kota_pemohon AS permohonan_kab_kota_pemohon, permohonan.provinsi_pemohon AS permohonan_provinsi_pemohon FROM layanan LEFT JOIN pegawai ON layanan.id_pegawai = pegawai.id_pegawai LEFT JOIN permohonan ON layanan.no_reg_medan = permohonan.no_reg_medan LEFT JOIN penelaahan ON layanan.no_registrasi = penelaahan.no_registrasi WHERE layanan.no_kep_smpl = ? LIMIT 1 with ID: REG-2026-017
[21-Sep-2025 18:42:38 UTC] Final processed data: {"jenis_perlindungan":""}
[21-Sep-2025 18:42:40 UTC] Final per page: 10
[21-Sep-2025 18:42:40 UTC] Per page value: 10
[21-Sep-2025 18:42:40 UTC] GET parameters: Array
(
    [t] => penelaahan
)

[21-Sep-2025 18:42:40 UTC] Page: 1, Per Page: 10, Offset: 0
[21-Sep-2025 18:42:40 UTC] Executing SQL: SELECT penelaahan.*, pegawai.nama_pegawai AS pegawai_nama_pegawai, permohonan.nama_pemohon AS permohonan_nama_pemohon, permohonan.jenis_kelamin AS permohonan_jenis_kelamin, permohonan.kab_kota_pemohon AS permohonan_kab_kota_pemohon, permohonan.provinsi_pemohon AS permohonan_provinsi_pemohon, permohonan.tindak_pidana AS permohonan_tindak_pidana, permohonan.status_hukum AS permohonan_status_hukum, permohonan.kab_kot_locus AS permohonan_kab_kot_locus, permohonan.jenis_perlindungan AS permohonan_jenis_perlindungan FROM penelaahan LEFT JOIN pegawai ON penelaahan.id_pegawai = pegawai.id_pegawai LEFT JOIN permohonan ON penelaahan.no_reg_medan = permohonan.no_reg_medan WHERE penelaahan.no_registrasi = ? LIMIT 1 with ID: REG-2026-017
[21-Sep-2025 18:42:40 UTC] Final processed data: false
[21-Sep-2025 18:42:41 UTC] Processing jenis_perlindungan IDs: 25, 21
[21-Sep-2025 18:42:41 UTC] Executing SQL: SELECT kategori, sub_pilihan FROM jenis_perlindungan WHERE id IN (?,?) ORDER BY kategori, sub_pilihan
[21-Sep-2025 18:42:41 UTC] Query result: [{"kategori":"Bantuan","sub_pilihan":"Rehabilitasi Psikososial"},{"kategori":"Fasilitasi Ganti Rugi","sub_pilihan":"Restitusi"}]
[21-Sep-2025 18:42:41 UTC] Final result: ["Rehabilitasi Psikososial","Restitusi"]
[21-Sep-2025 18:42:42 UTC] Executing SQL: SELECT penelaahan.*, pegawai.nama_pegawai AS pegawai_nama_pegawai, permohonan.nama_pemohon AS permohonan_nama_pemohon, permohonan.jenis_kelamin AS permohonan_jenis_kelamin, permohonan.kab_kota_pemohon AS permohonan_kab_kota_pemohon, permohonan.provinsi_pemohon AS permohonan_provinsi_pemohon, permohonan.tindak_pidana AS permohonan_tindak_pidana, permohonan.status_hukum AS permohonan_status_hukum, permohonan.kab_kot_locus AS permohonan_kab_kot_locus, permohonan.jenis_perlindungan AS permohonan_jenis_perlindungan FROM penelaahan LEFT JOIN pegawai ON penelaahan.id_pegawai = pegawai.id_pegawai LEFT JOIN permohonan ON penelaahan.no_reg_medan = permohonan.no_reg_medan WHERE penelaahan.no_registrasi = ? LIMIT 1 with ID: PEN-2026-24
[21-Sep-2025 18:42:42 UTC] Final processed data: {"no_registrasi":"PEN-2026-24","no_reg_medan":"REG-2026-017","proses_hukum":"P-19","tanggal_dispo":"2025-09-05","proses_penalaahan":"BERLANGSUNG tidak","id_pegawai":7,"tgl_berakhir_penelaahan":"2025-09-05","waktu_tambahan":null,"nama_ta_penalaahan":"YM","risalah_laporan":"BELUM","created_at":"2025-09-21 19:49:13","updated_at":"2025-09-21 19:49:13","pegawai_nama_pegawai":"Josua Doli Prana N., S.E.","permohonan_nama_pemohon":"ERIKSON","permohonan_jenis_kelamin":"Laki-laki","permohonan_kab_kota_pemohon":"Banda Aceh selatan","permohonan_provinsi_pemohon":"Aceh","permohonan_tindak_pidana":"PHB","permohonan_status_hukum":"Korban","permohonan_kab_kot_locus":"Banda Aceh","permohonan_jenis_perlindungan":"25,21","nama_pegawai":"Josua Doli Prana N., S.E.","nama_pemohon":"ERIKSON","jenis_kelamin":"Laki-laki","kab_kota_pemohon":"Banda Aceh selatan","provinsi_pemohon":"Aceh","tindak_pidana":"PHB","status_hukum":"Korban","kab_kot_locus":"Banda Aceh","jenis_perlindungan":"25,21"}
[21-Sep-2025 18:43:13 UTC] Final per page: 10
[21-Sep-2025 18:43:13 UTC] Per page value: 10
[21-Sep-2025 18:43:13 UTC] GET parameters: Array
(
    [t] => layanan
)

[21-Sep-2025 18:43:13 UTC] Page: 1, Per Page: 10, Offset: 0
[21-Sep-2025 18:43:13 UTC] Processing jenis_perlindungan IDs: 25, 21
[21-Sep-2025 18:43:13 UTC] Executing SQL: SELECT kategori, sub_pilihan FROM jenis_perlindungan WHERE id IN (?,?) ORDER BY kategori, sub_pilihan
[21-Sep-2025 18:43:13 UTC] Query result: [{"kategori":"Bantuan","sub_pilihan":"Rehabilitasi Psikososial"},{"kategori":"Fasilitasi Ganti Rugi","sub_pilihan":"Restitusi"}]
[21-Sep-2025 18:43:13 UTC] Final result: ["Rehabilitasi Psikososial","Restitusi"]
[21-Sep-2025 18:43:14 UTC] Executing SQL: SELECT layanan.*, pegawai.nama_pegawai AS pegawai_nama_pegawai, permohonan.status_hukum AS permohonan_status_hukum, permohonan.kab_kota_pemohon AS permohonan_kab_kota_pemohon, permohonan.provinsi_pemohon AS permohonan_provinsi_pemohon FROM layanan LEFT JOIN pegawai ON layanan.id_pegawai = pegawai.id_pegawai LEFT JOIN permohonan ON layanan.no_reg_medan = permohonan.no_reg_medan LEFT JOIN penelaahan ON layanan.no_registrasi = penelaahan.no_registrasi WHERE layanan.no_kep_smpl = ? LIMIT 1 with ID: REG-2026-017
[21-Sep-2025 18:43:14 UTC] Final processed data: {"jenis_perlindungan":""}
[21-Sep-2025 18:43:34 UTC] Final per page: 10
[21-Sep-2025 18:43:34 UTC] Per page value: 10
[21-Sep-2025 18:43:34 UTC] GET parameters: Array
(
    [t] => penelaahan
)

[21-Sep-2025 18:43:34 UTC] Page: 1, Per Page: 10, Offset: 0
[21-Sep-2025 18:43:34 UTC] Processing jenis_perlindungan IDs: 25, 21
[21-Sep-2025 18:43:34 UTC] Executing SQL: SELECT kategori, sub_pilihan FROM jenis_perlindungan WHERE id IN (?,?) ORDER BY kategori, sub_pilihan
[21-Sep-2025 18:43:34 UTC] Query result: [{"kategori":"Bantuan","sub_pilihan":"Rehabilitasi Psikososial"},{"kategori":"Fasilitasi Ganti Rugi","sub_pilihan":"Restitusi"}]
[21-Sep-2025 18:43:34 UTC] Final result: ["Rehabilitasi Psikososial","Restitusi"]
[21-Sep-2025 18:43:35 UTC] Executing SQL: SELECT penelaahan.*, pegawai.nama_pegawai AS pegawai_nama_pegawai, permohonan.nama_pemohon AS permohonan_nama_pemohon, permohonan.jenis_kelamin AS permohonan_jenis_kelamin, permohonan.kab_kota_pemohon AS permohonan_kab_kota_pemohon, permohonan.provinsi_pemohon AS permohonan_provinsi_pemohon, permohonan.tindak_pidana AS permohonan_tindak_pidana, permohonan.status_hukum AS permohonan_status_hukum, permohonan.kab_kot_locus AS permohonan_kab_kot_locus, permohonan.jenis_perlindungan AS permohonan_jenis_perlindungan FROM penelaahan LEFT JOIN pegawai ON penelaahan.id_pegawai = pegawai.id_pegawai LEFT JOIN permohonan ON penelaahan.no_reg_medan = permohonan.no_reg_medan WHERE penelaahan.no_registrasi = ? LIMIT 1 with ID: REG-2026-017
[21-Sep-2025 18:43:35 UTC] Final processed data: false
[21-Sep-2025 18:43:43 UTC] Final per page: 10
[21-Sep-2025 18:43:43 UTC] Per page value: 10
[21-Sep-2025 18:43:43 UTC] GET parameters: Array
(
    [t] => layanan
)

[21-Sep-2025 18:43:43 UTC] Page: 1, Per Page: 10, Offset: 0
[21-Sep-2025 18:43:43 UTC] Executing SQL: SELECT layanan.*, pegawai.nama_pegawai AS pegawai_nama_pegawai, permohonan.status_hukum AS permohonan_status_hukum, permohonan.kab_kota_pemohon AS permohonan_kab_kota_pemohon, permohonan.provinsi_pemohon AS permohonan_provinsi_pemohon FROM layanan LEFT JOIN pegawai ON layanan.id_pegawai = pegawai.id_pegawai LEFT JOIN permohonan ON layanan.no_reg_medan = permohonan.no_reg_medan LEFT JOIN penelaahan ON layanan.no_registrasi = penelaahan.no_registrasi WHERE layanan.no_kep_smpl = ? LIMIT 1 with ID: REG-2026-017
[21-Sep-2025 18:43:43 UTC] Final processed data: {"jenis_perlindungan":""}
[21-Sep-2025 18:43:44 UTC] Processing jenis_perlindungan IDs: 25, 21
[21-Sep-2025 18:43:44 UTC] Executing SQL: SELECT kategori, sub_pilihan FROM jenis_perlindungan WHERE id IN (?,?) ORDER BY kategori, sub_pilihan
[21-Sep-2025 18:43:44 UTC] Query result: [{"kategori":"Bantuan","sub_pilihan":"Rehabilitasi Psikososial"},{"kategori":"Fasilitasi Ganti Rugi","sub_pilihan":"Restitusi"}]
[21-Sep-2025 18:43:44 UTC] Final result: ["Rehabilitasi Psikososial","Restitusi"]
[21-Sep-2025 18:45:18 UTC] Field no_kep_smpl: 'KEP-SMPL-2025-01'
[21-Sep-2025 18:45:18 UTC] Field no_reg_medan: 'REG-2026-017'
[21-Sep-2025 18:45:18 UTC] Field no_registrasi: 'PEN-2026-24'
[21-Sep-2025 18:45:18 UTC] Field no_spk: 'SPK-2025-020'
[21-Sep-2025 18:45:18 UTC] Field tgl_no_kep_smpl: '2025-09-22'
[21-Sep-2025 18:45:18 UTC] Field status_spk: ''
[21-Sep-2025 18:45:18 UTC] Field nama_terlindung: 'ERIKSON'
[21-Sep-2025 18:45:18 UTC] Field jenis_tindak_pidana: 'TPL'
[21-Sep-2025 18:45:18 UTC] Field tanggal_disposisi: '2025-09-26'
[21-Sep-2025 18:45:18 UTC] Field id_pegawai: '6'
[21-Sep-2025 18:45:18 UTC] Field tgl_mulai_layanan: '2025-09-19'
[21-Sep-2025 18:45:18 UTC] Field masa_layanan: '3 BULAN'
[21-Sep-2025 18:45:18 UTC] Field tambahan_masa_layanan: ''
[21-Sep-2025 18:45:18 UTC] Field tgl_berakhir_layanan: ''
[21-Sep-2025 18:45:18 UTC] Field wilayah_hukum: 'medan'
[21-Sep-2025 18:45:18 UTC] Field nama_ta_layanan: 'TP'
[21-Sep-2025 18:45:18 UTC] Field status: 'BERJALAN'
[21-Sep-2025 18:45:18 UTC] Data to save: Array
(
    [no_kep_smpl] => KEP-SMPL-2025-01
    [no_reg_medan] => REG-2026-017
    [no_registrasi] => PEN-2026-24
    [no_spk] => SPK-2025-020
    [tgl_no_kep_smpl] => 2025-09-22
    [status_spk] => 
    [nama_terlindung] => ERIKSON
    [jenis_tindak_pidana] => TPL
    [tanggal_disposisi] => 2025-09-26
    [id_pegawai] => 6
    [tgl_mulai_layanan] => 2025-09-19
    [masa_layanan] => 3 BULAN
    [tambahan_masa_layanan] => 
    [tgl_berakhir_layanan] => 
    [jenis_perlindungan] => 23,20,14,11,19,18,7,5,16
    [wilayah_hukum] => medan
    [nama_ta_layanan] => TP
    [status] => BERJALAN
)

[21-Sep-2025 18:45:18 UTC] SQL: INSERT INTO layanan (no_kep_smpl,no_reg_medan,no_registrasi,no_spk,tgl_no_kep_smpl,status_spk,nama_terlindung,jenis_tindak_pidana,tanggal_disposisi,id_pegawai,tgl_mulai_layanan,masa_layanan,tambahan_masa_layanan,tgl_berakhir_layanan,jenis_perlindungan,wilayah_hukum,nama_ta_layanan,status) VALUES (?,?,?,?,?,?,?,?,?,?,?,?,?,?,?,?,?,?)
[21-Sep-2025 18:45:18 UTC] Params: Array
(
    [0] => KEP-SMPL-2025-01
    [1] => REG-2026-017
    [2] => PEN-2026-24
    [3] => SPK-2025-020
    [4] => 2025-09-22
    [5] => 
    [6] => ERIKSON
    [7] => TPL
    [8] => 2025-09-26
    [9] => 6
    [10] => 2025-09-19
    [11] => 3 BULAN
    [12] => 
    [13] => 
    [14] => 23,20,14,11,19,18,7,5,16
    [15] => medan
    [16] => TP
    [17] => BERJALAN
)

[21-Sep-2025 18:45:18 UTC] Final per page: 10
[21-Sep-2025 18:45:18 UTC] Per page value: 10
[21-Sep-2025 18:45:18 UTC] GET parameters: Array
(
    [t] => layanan
)

[21-Sep-2025 18:45:18 UTC] Page: 1, Per Page: 10, Offset: 0
[21-Sep-2025 18:45:18 UTC] Executing SQL: SELECT layanan.*, pegawai.nama_pegawai AS pegawai_nama_pegawai, permohonan.status_hukum AS permohonan_status_hukum, permohonan.kab_kota_pemohon AS permohonan_kab_kota_pemohon, permohonan.provinsi_pemohon AS permohonan_provinsi_pemohon FROM layanan LEFT JOIN pegawai ON layanan.id_pegawai = pegawai.id_pegawai LEFT JOIN permohonan ON layanan.no_reg_medan = permohonan.no_reg_medan LEFT JOIN penelaahan ON layanan.no_registrasi = penelaahan.no_registrasi WHERE layanan.no_kep_smpl = ? LIMIT 1 with ID: REG-2026-017
[21-Sep-2025 18:45:18 UTC] Final processed data: {"jenis_perlindungan":""}
[21-Sep-2025 18:45:19 UTC] Processing jenis_perlindungan IDs: 25, 21
[21-Sep-2025 18:45:19 UTC] Executing SQL: SELECT kategori, sub_pilihan FROM jenis_perlindungan WHERE id IN (?,?) ORDER BY kategori, sub_pilihan
[21-Sep-2025 18:45:19 UTC] Query result: [{"kategori":"Bantuan","sub_pilihan":"Rehabilitasi Psikososial"},{"kategori":"Fasilitasi Ganti Rugi","sub_pilihan":"Restitusi"}]
[21-Sep-2025 18:45:19 UTC] Final result: ["Rehabilitasi Psikososial","Restitusi"]
[21-Sep-2025 18:45:21 UTC] Executing SQL: SELECT layanan.*, pegawai.nama_pegawai AS pegawai_nama_pegawai, permohonan.status_hukum AS permohonan_status_hukum, permohonan.kab_kota_pemohon AS permohonan_kab_kota_pemohon, permohonan.provinsi_pemohon AS permohonan_provinsi_pemohon FROM layanan LEFT JOIN pegawai ON layanan.id_pegawai = pegawai.id_pegawai LEFT JOIN permohonan ON layanan.no_reg_medan = permohonan.no_reg_medan LEFT JOIN penelaahan ON layanan.no_registrasi = penelaahan.no_registrasi WHERE layanan.no_kep_smpl = ? LIMIT 1 with ID: KEP-SMPL-2025-01
[21-Sep-2025 18:45:21 UTC] Final processed data: {"no_kep_smpl":"KEP-SMPL-2025-01","no_reg_medan":"REG-2026-017","no_registrasi":"PEN-2026-24","no_spk":"SPK-2025-020","tgl_no_kep_smpl":"2025-09-22","status_spk":null,"nama_terlindung":"ERIKSON","jenis_tindak_pidana":"TPL","tanggal_disposisi":"2025-09-26","id_pegawai":6,"tgl_mulai_layanan":"2025-09-19","masa_layanan":"3 BULAN","tambahan_masa_layanan":null,"tgl_berakhir_layanan":"2025-12-19","jenis_perlindungan":"23,20,14,11,19,18,7,5,16","wilayah_hukum":"medan","nama_ta_layanan":"TP","status":"BERJALAN","created_at":"2025-09-22 01:45:18","updated_at":"2025-09-22 01:45:18","pegawai_nama_pegawai":"Viviani Octaria Parhusip, S.IP","permohonan_status_hukum":"Korban","permohonan_kab_kota_pemohon":"Banda Aceh selatan","permohonan_provinsi_pemohon":"Aceh","nama_pegawai":"Viviani Octaria Parhusip, S.IP","status_hukum":"Korban","kab_kota_pemohon":"Banda Aceh selatan","provinsi_pemohon":"Aceh"}
[21-Sep-2025 18:55:38 UTC] Spout Export Query: SELECT layanan.*, pegawai.nama_pegawai AS pegawai_nama_pegawai, permohonan.status_hukum AS permohonan_status_hukum, permohonan.kab_kota_pemohon AS permohonan_kab_kota_pemohon, permohonan.provinsi_pemohon AS permohonan_provinsi_pemohon, GROUP_CONCAT(jp.sub_pilihan SEPARATOR ', ') AS jenis_perlindungan_names FROM layanan LEFT JOIN pegawai ON layanan.id_pegawai = pegawai.id_pegawai LEFT JOIN permohonan ON layanan.no_reg_medan = permohonan.no_reg_medan LEFT JOIN penelaahan ON layanan.no_registrasi = penelaahan.no_registrasi LEFT JOIN layanan_perlindungan lp ON layanan.no_kep_smpl = lp.no_kep_smpl LEFT JOIN jenis_perlindungan jp ON lp.id_perlindungan = jp.id   GROUP BY layanan.no_kep_smpl ORDER BY tgl_mulai_layanan DESC
[21-Sep-2025 18:55:38 UTC] Spout Export Params: Array
(
)

[21-Sep-2025 18:55:40 UTC] Spout export error: Cannot perform I/O operation outside of the base folder: C:\Windows\Temp
[21-Sep-2025 18:55:56 UTC] Spout Export Query: SELECT layanan.*, pegawai.nama_pegawai AS pegawai_nama_pegawai, permohonan.status_hukum AS permohonan_status_hukum, permohonan.kab_kota_pemohon AS permohonan_kab_kota_pemohon, permohonan.provinsi_pemohon AS permohonan_provinsi_pemohon, GROUP_CONCAT(jp.sub_pilihan SEPARATOR ', ') AS jenis_perlindungan_names FROM layanan LEFT JOIN pegawai ON layanan.id_pegawai = pegawai.id_pegawai LEFT JOIN permohonan ON layanan.no_reg_medan = permohonan.no_reg_medan LEFT JOIN penelaahan ON layanan.no_registrasi = penelaahan.no_registrasi LEFT JOIN layanan_perlindungan lp ON layanan.no_kep_smpl = lp.no_kep_smpl LEFT JOIN jenis_perlindungan jp ON lp.id_perlindungan = jp.id   GROUP BY layanan.no_kep_smpl ORDER BY tgl_mulai_layanan DESC
[21-Sep-2025 18:55:56 UTC] Spout Export Params: Array
(
)

[21-Sep-2025 18:56:22 UTC] Final per page: 10
[21-Sep-2025 18:56:22 UTC] Per page value: 10
[21-Sep-2025 18:56:22 UTC] GET parameters: Array
(
    [t] => permohonan
)

[21-Sep-2025 18:56:22 UTC] Page: 1, Per Page: 10, Offset: 0
[21-Sep-2025 18:56:22 UTC] Executing SQL: SELECT permohonan.*, pegawai.nama_pegawai AS pegawai_nama_pegawai FROM permohonan LEFT JOIN pegawai ON permohonan.id_pegawai = pegawai.id_pegawai WHERE permohonan.no_reg_medan = ? LIMIT 1 with ID: REG-2026-017
[21-Sep-2025 18:56:22 UTC] Final processed data: {"no_reg_medan":"REG-2026-017","nama_pemohon":"ERIKSON","jenis_kelamin":"Laki-laki","status_hukum":"Korban","tgl_pengajuan":"2026-02-14","pihak_perwakilan":"INSTANSI PEMERINTAH","tindak_pidana":"PHB","id_pegawai":6,"kelengkapan_berkas":"Berkas kurang","media_pengajuan":"WA","link_berkas_permohonan":"https:\/\/limo.lpsk.go.id\/apps\/files\/files","jenis_perlindungan":"25,21","kab_kot_locus":"Banda Aceh","provinsi":"Aceh","kab_kota_pemohon":"Banda Aceh selatan","provinsi_pemohon":"Aceh","tempat_permohonan":"MEDAN","created_at":"2025-09-19 14:56:13","updated_at":"2025-09-21 04:23:09","pegawai_nama_pegawai":"Viviani Octaria Parhusip, S.IP","nama_pegawai":"Viviani Octaria Parhusip, S.IP"}
[21-Sep-2025 18:56:23 UTC] Processing jenis_perlindungan IDs: 25, 21
[21-Sep-2025 18:56:23 UTC] Executing SQL: SELECT kategori, sub_pilihan FROM jenis_perlindungan WHERE id IN (?,?) ORDER BY kategori, sub_pilihan
[21-Sep-2025 18:56:23 UTC] Query result: [{"kategori":"Bantuan","sub_pilihan":"Rehabilitasi Psikososial"},{"kategori":"Fasilitasi Ganti Rugi","sub_pilihan":"Restitusi"}]
[21-Sep-2025 18:56:23 UTC] Final result: ["Rehabilitasi Psikososial","Restitusi"]
[21-Sep-2025 18:56:32 UTC] Spout Export Query: SELECT permohonan.*, pegawai.nama_pegawai AS pegawai_nama_pegawai, GROUP_CONCAT(jp.sub_pilihan SEPARATOR ', ') AS jenis_perlindungan_names FROM permohonan LEFT JOIN pegawai ON permohonan.id_pegawai = pegawai.id_pegawai LEFT JOIN permohonan_perlindungan pp ON permohonan.no_reg_medan = pp.no_reg_medan LEFT JOIN jenis_perlindungan jp ON pp.id_perlindungan = jp.id   GROUP BY permohonan.no_reg_medan ORDER BY tgl_pengajuan DESC
[21-Sep-2025 18:56:32 UTC] Spout Export Params: Array
(
)

[21-Sep-2025 19:17:11 UTC] Final per page: 10
[21-Sep-2025 19:17:11 UTC] Per page value: 10
[21-Sep-2025 19:17:11 UTC] GET parameters: Array
(
    [t] => permohonan
)

[21-Sep-2025 19:17:11 UTC] Page: 1, Per Page: 10, Offset: 0
[21-Sep-2025 19:17:11 UTC] Executing SQL: SELECT permohonan.*, pegawai.nama_pegawai AS pegawai_nama_pegawai FROM permohonan LEFT JOIN pegawai ON permohonan.id_pegawai = pegawai.id_pegawai WHERE permohonan.no_reg_medan = ? LIMIT 1 with ID: REG-2026-017
[21-Sep-2025 19:17:11 UTC] Final processed data: {"no_reg_medan":"REG-2026-017","nama_pemohon":"ERIKSON","jenis_kelamin":"Laki-laki","status_hukum":"Korban","tgl_pengajuan":"2026-02-14","pihak_perwakilan":"INSTANSI PEMERINTAH","tindak_pidana":"PHB","id_pegawai":6,"kelengkapan_berkas":"Berkas kurang","media_pengajuan":"WA","link_berkas_permohonan":"https:\/\/limo.lpsk.go.id\/apps\/files\/files","jenis_perlindungan":"25,21","kab_kot_locus":"Banda Aceh","provinsi":"Aceh","kab_kota_pemohon":"Banda Aceh selatan","provinsi_pemohon":"Aceh","tempat_permohonan":"MEDAN","created_at":"2025-09-19 14:56:13","updated_at":"2025-09-21 04:23:09","pegawai_nama_pegawai":"Viviani Octaria Parhusip, S.IP","nama_pegawai":"Viviani Octaria Parhusip, S.IP"}
[21-Sep-2025 19:17:12 UTC] Processing jenis_perlindungan IDs: 25, 21
[21-Sep-2025 19:17:12 UTC] Executing SQL: SELECT kategori, sub_pilihan FROM jenis_perlindungan WHERE id IN (?,?) ORDER BY kategori, sub_pilihan
[21-Sep-2025 19:17:12 UTC] Query result: [{"kategori":"Bantuan","sub_pilihan":"Rehabilitasi Psikososial"},{"kategori":"Fasilitasi Ganti Rugi","sub_pilihan":"Restitusi"}]
[21-Sep-2025 19:17:12 UTC] Final result: ["Rehabilitasi Psikososial","Restitusi"]
[21-Sep-2025 19:34:03 UTC] Final per page: 10
[21-Sep-2025 19:34:03 UTC] Per page value: 10
[21-Sep-2025 19:34:03 UTC] GET parameters: Array
(
    [t] => penelaahan
)

[21-Sep-2025 19:34:03 UTC] Page: 1, Per Page: 10, Offset: 0
[21-Sep-2025 19:34:03 UTC] Executing SQL: SELECT penelaahan.*, pegawai.nama_pegawai AS pegawai_nama_pegawai, permohonan.nama_pemohon AS permohonan_nama_pemohon, permohonan.jenis_kelamin AS permohonan_jenis_kelamin, permohonan.kab_kota_pemohon AS permohonan_kab_kota_pemohon, permohonan.provinsi_pemohon AS permohonan_provinsi_pemohon, permohonan.tindak_pidana AS permohonan_tindak_pidana, permohonan.status_hukum AS permohonan_status_hukum, permohonan.kab_kot_locus AS permohonan_kab_kot_locus, permohonan.jenis_perlindungan AS permohonan_jenis_perlindungan FROM penelaahan LEFT JOIN pegawai ON penelaahan.id_pegawai = pegawai.id_pegawai LEFT JOIN permohonan ON penelaahan.no_reg_medan = permohonan.no_reg_medan WHERE penelaahan.no_registrasi = ? LIMIT 1 with ID: REG-2026-017
[21-Sep-2025 19:34:03 UTC] Final processed data: false
[21-Sep-2025 19:34:04 UTC] Processing jenis_perlindungan IDs: 25, 21
[21-Sep-2025 19:34:04 UTC] Executing SQL: SELECT kategori, sub_pilihan FROM jenis_perlindungan WHERE id IN (?,?) ORDER BY kategori, sub_pilihan
[21-Sep-2025 19:34:04 UTC] Query result: [{"kategori":"Bantuan","sub_pilihan":"Rehabilitasi Psikososial"},{"kategori":"Fasilitasi Ganti Rugi","sub_pilihan":"Restitusi"}]
[21-Sep-2025 19:34:04 UTC] Final result: ["Rehabilitasi Psikososial","Restitusi"]
[21-Sep-2025 19:34:08 UTC] Database error: SQLSTATE[23000]: Integrity constraint violation: 1451 Cannot delete or update a parent row: a foreign key constraint fails (`lpsk2`.`layanan`, CONSTRAINT `layanan_ibfk_2` FOREIGN KEY (`no_registrasi`) REFERENCES `penelaahan` (`no_registrasi`))
[21-Sep-2025 19:34:08 UTC] Final per page: 10
[21-Sep-2025 19:34:08 UTC] Per page value: 10
[21-Sep-2025 19:34:08 UTC] GET parameters: Array
(
    [t] => penelaahan
)

[21-Sep-2025 19:34:08 UTC] Page: 1, Per Page: 10, Offset: 0
[21-Sep-2025 19:34:08 UTC] Processing jenis_perlindungan IDs: 25, 21
[21-Sep-2025 19:34:08 UTC] Executing SQL: SELECT kategori, sub_pilihan FROM jenis_perlindungan WHERE id IN (?,?) ORDER BY kategori, sub_pilihan
[21-Sep-2025 19:34:08 UTC] Query result: [{"kategori":"Bantuan","sub_pilihan":"Rehabilitasi Psikososial"},{"kategori":"Fasilitasi Ganti Rugi","sub_pilihan":"Restitusi"}]
[21-Sep-2025 19:34:08 UTC] Final result: ["Rehabilitasi Psikososial","Restitusi"]
[21-Sep-2025 19:34:09 UTC] Executing SQL: SELECT penelaahan.*, pegawai.nama_pegawai AS pegawai_nama_pegawai, permohonan.nama_pemohon AS permohonan_nama_pemohon, permohonan.jenis_kelamin AS permohonan_jenis_kelamin, permohonan.kab_kota_pemohon AS permohonan_kab_kota_pemohon, permohonan.provinsi_pemohon AS permohonan_provinsi_pemohon, permohonan.tindak_pidana AS permohonan_tindak_pidana, permohonan.status_hukum AS permohonan_status_hukum, permohonan.kab_kot_locus AS permohonan_kab_kot_locus, permohonan.jenis_perlindungan AS permohonan_jenis_perlindungan FROM penelaahan LEFT JOIN pegawai ON penelaahan.id_pegawai = pegawai.id_pegawai LEFT JOIN permohonan ON penelaahan.no_reg_medan = permohonan.no_reg_medan WHERE penelaahan.no_registrasi = ? LIMIT 1 with ID: REG-2026-017
[21-Sep-2025 19:34:09 UTC] Final processed data: false
[21-Sep-2025 19:41:37 UTC] Final per page: 10
[21-Sep-2025 19:41:37 UTC] Per page value: 10
[21-Sep-2025 19:41:37 UTC] GET parameters: Array
(
    [t] => layanan
)

[21-Sep-2025 19:41:37 UTC] Page: 1, Per Page: 10, Offset: 0
[21-Sep-2025 19:41:37 UTC] Executing SQL: SELECT layanan.*, pegawai.nama_pegawai AS pegawai_nama_pegawai, permohonan.status_hukum AS permohonan_status_hukum, permohonan.kab_kota_pemohon AS permohonan_kab_kota_pemohon, permohonan.provinsi_pemohon AS permohonan_provinsi_pemohon FROM layanan LEFT JOIN pegawai ON layanan.id_pegawai = pegawai.id_pegawai LEFT JOIN permohonan ON layanan.no_reg_medan = permohonan.no_reg_medan LEFT JOIN penelaahan ON layanan.no_registrasi = penelaahan.no_registrasi WHERE layanan.no_kep_smpl = ? LIMIT 1 with ID: REG-2026-017
[21-Sep-2025 19:41:37 UTC] Final processed data: {"jenis_perlindungan":""}
[21-Sep-2025 19:41:38 UTC] Processing jenis_perlindungan IDs: 25, 21
[21-Sep-2025 19:41:38 UTC] Executing SQL: SELECT kategori, sub_pilihan FROM jenis_perlindungan WHERE id IN (?,?) ORDER BY kategori, sub_pilihan
[21-Sep-2025 19:41:38 UTC] Query result: [{"kategori":"Bantuan","sub_pilihan":"Rehabilitasi Psikososial"},{"kategori":"Fasilitasi Ganti Rugi","sub_pilihan":"Restitusi"}]
[21-Sep-2025 19:41:38 UTC] Final result: ["Rehabilitasi Psikososial","Restitusi"]
[21-Sep-2025 19:42:07 UTC] Final per page: 10
[21-Sep-2025 19:42:07 UTC] Per page value: 10
[21-Sep-2025 19:42:07 UTC] GET parameters: Array
(
    [t] => layanan
)

[21-Sep-2025 19:42:07 UTC] Page: 1, Per Page: 10, Offset: 0
[21-Sep-2025 19:42:07 UTC] Processing jenis_perlindungan IDs: 25, 21
[21-Sep-2025 19:42:07 UTC] Executing SQL: SELECT kategori, sub_pilihan FROM jenis_perlindungan WHERE id IN (?,?) ORDER BY kategori, sub_pilihan
[21-Sep-2025 19:42:07 UTC] Query result: [{"kategori":"Bantuan","sub_pilihan":"Rehabilitasi Psikososial"},{"kategori":"Fasilitasi Ganti Rugi","sub_pilihan":"Restitusi"}]
[21-Sep-2025 19:42:07 UTC] Final result: ["Rehabilitasi Psikososial","Restitusi"]
[21-Sep-2025 19:42:08 UTC] Executing SQL: SELECT layanan.*, pegawai.nama_pegawai AS pegawai_nama_pegawai, permohonan.status_hukum AS permohonan_status_hukum, permohonan.kab_kota_pemohon AS permohonan_kab_kota_pemohon, permohonan.provinsi_pemohon AS permohonan_provinsi_pemohon FROM layanan LEFT JOIN pegawai ON layanan.id_pegawai = pegawai.id_pegawai LEFT JOIN permohonan ON layanan.no_reg_medan = permohonan.no_reg_medan LEFT JOIN penelaahan ON layanan.no_registrasi = penelaahan.no_registrasi WHERE layanan.no_kep_smpl = ? LIMIT 1 with ID: REG-2026-017
[21-Sep-2025 19:42:08 UTC] Final processed data: {"jenis_perlindungan":""}
[21-Sep-2025 19:42:09 UTC] Final per page: 10
[21-Sep-2025 19:42:09 UTC] Per page value: 10
[21-Sep-2025 19:42:09 UTC] GET parameters: Array
(
    [t] => permohonan
)

[21-Sep-2025 19:42:09 UTC] Page: 1, Per Page: 10, Offset: 0
[21-Sep-2025 19:42:09 UTC] Executing SQL: SELECT permohonan.*, pegawai.nama_pegawai AS pegawai_nama_pegawai FROM permohonan LEFT JOIN pegawai ON permohonan.id_pegawai = pegawai.id_pegawai WHERE permohonan.no_reg_medan = ? LIMIT 1 with ID: REG-2026-017
[21-Sep-2025 19:42:09 UTC] Final processed data: {"no_reg_medan":"REG-2026-017","nama_pemohon":"ERIKSON","jenis_kelamin":"Laki-laki","status_hukum":"Korban","tgl_pengajuan":"2026-02-14","pihak_perwakilan":"INSTANSI PEMERINTAH","tindak_pidana":"PHB","id_pegawai":6,"kelengkapan_berkas":"Berkas kurang","media_pengajuan":"WA","link_berkas_permohonan":"https:\/\/limo.lpsk.go.id\/apps\/files\/files","jenis_perlindungan":"25,21","kab_kot_locus":"Banda Aceh","provinsi":"Aceh","kab_kota_pemohon":"Banda Aceh selatan","provinsi_pemohon":"Aceh","tempat_permohonan":"MEDAN","created_at":"2025-09-19 14:56:13","updated_at":"2025-09-21 04:23:09","pegawai_nama_pegawai":"Viviani Octaria Parhusip, S.IP","nama_pegawai":"Viviani Octaria Parhusip, S.IP"}
[21-Sep-2025 19:42:10 UTC] Processing jenis_perlindungan IDs: 25, 21
[21-Sep-2025 19:42:10 UTC] Executing SQL: SELECT kategori, sub_pilihan FROM jenis_perlindungan WHERE id IN (?,?) ORDER BY kategori, sub_pilihan
[21-Sep-2025 19:42:10 UTC] Query result: [{"kategori":"Bantuan","sub_pilihan":"Rehabilitasi Psikososial"},{"kategori":"Fasilitasi Ganti Rugi","sub_pilihan":"Restitusi"}]
[21-Sep-2025 19:42:10 UTC] Final result: ["Rehabilitasi Psikososial","Restitusi"]
[21-Sep-2025 19:43:00 UTC] Final per page: 10
[21-Sep-2025 19:43:00 UTC] Per page value: 10
[21-Sep-2025 19:43:00 UTC] GET parameters: Array
(
    [t] => permohonan
)

[21-Sep-2025 19:43:00 UTC] Page: 1, Per Page: 10, Offset: 0
[21-Sep-2025 19:43:00 UTC] Executing SQL: SELECT permohonan.*, pegawai.nama_pegawai AS pegawai_nama_pegawai FROM permohonan LEFT JOIN pegawai ON permohonan.id_pegawai = pegawai.id_pegawai WHERE permohonan.no_reg_medan = ? LIMIT 1 with ID: REG-2026-017
[21-Sep-2025 19:43:00 UTC] Final processed data: {"no_reg_medan":"REG-2026-017","nama_pemohon":"ERIKSON","jenis_kelamin":"Laki-laki","status_hukum":"Korban","tgl_pengajuan":"2026-02-14","pihak_perwakilan":"INSTANSI PEMERINTAH","tindak_pidana":"PHB","id_pegawai":6,"kelengkapan_berkas":"Berkas kurang","media_pengajuan":"WA","link_berkas_permohonan":"https:\/\/limo.lpsk.go.id\/apps\/files\/files","jenis_perlindungan":"25,21","kab_kot_locus":"Banda Aceh","provinsi":"Aceh","kab_kota_pemohon":"Banda Aceh selatan","provinsi_pemohon":"Aceh","tempat_permohonan":"MEDAN","created_at":"2025-09-19 14:56:13","updated_at":"2025-09-21 04:23:09","pegawai_nama_pegawai":"Viviani Octaria Parhusip, S.IP","nama_pegawai":"Viviani Octaria Parhusip, S.IP"}
[21-Sep-2025 19:43:01 UTC] Processing jenis_perlindungan IDs: 25, 21
[21-Sep-2025 19:43:01 UTC] Executing SQL: SELECT kategori, sub_pilihan FROM jenis_perlindungan WHERE id IN (?,?) ORDER BY kategori, sub_pilihan
[21-Sep-2025 19:43:01 UTC] Query result: [{"kategori":"Bantuan","sub_pilihan":"Rehabilitasi Psikososial"},{"kategori":"Fasilitasi Ganti Rugi","sub_pilihan":"Restitusi"}]
[21-Sep-2025 19:43:01 UTC] Final result: ["Rehabilitasi Psikososial","Restitusi"]
[21-Sep-2025 19:43:06 UTC] Final per page: 10
[21-Sep-2025 19:43:06 UTC] Per page value: 10
[21-Sep-2025 19:43:06 UTC] GET parameters: Array
(
    [t] => penelaahan
)

[21-Sep-2025 19:43:06 UTC] Page: 1, Per Page: 10, Offset: 0
[21-Sep-2025 19:43:06 UTC] Executing SQL: SELECT penelaahan.*, pegawai.nama_pegawai AS pegawai_nama_pegawai, permohonan.nama_pemohon AS permohonan_nama_pemohon, permohonan.jenis_kelamin AS permohonan_jenis_kelamin, permohonan.kab_kota_pemohon AS permohonan_kab_kota_pemohon, permohonan.provinsi_pemohon AS permohonan_provinsi_pemohon, permohonan.tindak_pidana AS permohonan_tindak_pidana, permohonan.status_hukum AS permohonan_status_hukum, permohonan.kab_kot_locus AS permohonan_kab_kot_locus, permohonan.jenis_perlindungan AS permohonan_jenis_perlindungan FROM penelaahan LEFT JOIN pegawai ON penelaahan.id_pegawai = pegawai.id_pegawai LEFT JOIN permohonan ON penelaahan.no_reg_medan = permohonan.no_reg_medan WHERE penelaahan.no_registrasi = ? LIMIT 1 with ID: REG-2026-017
[21-Sep-2025 19:43:06 UTC] Final processed data: false
[21-Sep-2025 19:43:07 UTC] Processing jenis_perlindungan IDs: 25, 21
[21-Sep-2025 19:43:07 UTC] Executing SQL: SELECT kategori, sub_pilihan FROM jenis_perlindungan WHERE id IN (?,?) ORDER BY kategori, sub_pilihan
[21-Sep-2025 19:43:07 UTC] Query result: [{"kategori":"Bantuan","sub_pilihan":"Rehabilitasi Psikososial"},{"kategori":"Fasilitasi Ganti Rugi","sub_pilihan":"Restitusi"}]
[21-Sep-2025 19:43:07 UTC] Final result: ["Rehabilitasi Psikososial","Restitusi"]
[21-Sep-2025 19:43:09 UTC] Final per page: 10
[21-Sep-2025 19:43:09 UTC] Per page value: 10
[21-Sep-2025 19:43:09 UTC] GET parameters: Array
(
    [t] => layanan
)

[21-Sep-2025 19:43:09 UTC] Page: 1, Per Page: 10, Offset: 0
[21-Sep-2025 19:43:10 UTC] Executing SQL: SELECT layanan.*, pegawai.nama_pegawai AS pegawai_nama_pegawai, permohonan.status_hukum AS permohonan_status_hukum, permohonan.kab_kota_pemohon AS permohonan_kab_kota_pemohon, permohonan.provinsi_pemohon AS permohonan_provinsi_pemohon FROM layanan LEFT JOIN pegawai ON layanan.id_pegawai = pegawai.id_pegawai LEFT JOIN permohonan ON layanan.no_reg_medan = permohonan.no_reg_medan LEFT JOIN penelaahan ON layanan.no_registrasi = penelaahan.no_registrasi WHERE layanan.no_kep_smpl = ? LIMIT 1 with ID: REG-2026-017
[21-Sep-2025 19:43:10 UTC] Final processed data: {"jenis_perlindungan":""}
[21-Sep-2025 19:43:11 UTC] Processing jenis_perlindungan IDs: 25, 21
[21-Sep-2025 19:43:11 UTC] Executing SQL: SELECT kategori, sub_pilihan FROM jenis_perlindungan WHERE id IN (?,?) ORDER BY kategori, sub_pilihan
[21-Sep-2025 19:43:11 UTC] Query result: [{"kategori":"Bantuan","sub_pilihan":"Rehabilitasi Psikososial"},{"kategori":"Fasilitasi Ganti Rugi","sub_pilihan":"Restitusi"}]
[21-Sep-2025 19:43:11 UTC] Final result: ["Rehabilitasi Psikososial","Restitusi"]
[21-Sep-2025 19:43:13 UTC] Final per page: 10
[21-Sep-2025 19:43:13 UTC] Per page value: 10
[21-Sep-2025 19:43:13 UTC] GET parameters: Array
(
    [t] => layanan
)

[21-Sep-2025 19:43:13 UTC] Page: 1, Per Page: 10, Offset: 0
[21-Sep-2025 19:43:14 UTC] Executing SQL: SELECT layanan.*, pegawai.nama_pegawai AS pegawai_nama_pegawai, permohonan.status_hukum AS permohonan_status_hukum, permohonan.kab_kota_pemohon AS permohonan_kab_kota_pemohon, permohonan.provinsi_pemohon AS permohonan_provinsi_pemohon FROM layanan LEFT JOIN pegawai ON layanan.id_pegawai = pegawai.id_pegawai LEFT JOIN permohonan ON layanan.no_reg_medan = permohonan.no_reg_medan LEFT JOIN penelaahan ON layanan.no_registrasi = penelaahan.no_registrasi WHERE layanan.no_kep_smpl = ? LIMIT 1 with ID: REG-2026-017
[21-Sep-2025 19:43:14 UTC] Final processed data: {"jenis_perlindungan":""}
[21-Sep-2025 19:43:15 UTC] Processing jenis_perlindungan IDs: 25, 21
[21-Sep-2025 19:43:15 UTC] Executing SQL: SELECT kategori, sub_pilihan FROM jenis_perlindungan WHERE id IN (?,?) ORDER BY kategori, sub_pilihan
[21-Sep-2025 19:43:15 UTC] Query result: [{"kategori":"Bantuan","sub_pilihan":"Rehabilitasi Psikososial"},{"kategori":"Fasilitasi Ganti Rugi","sub_pilihan":"Restitusi"}]
[21-Sep-2025 19:43:15 UTC] Final result: ["Rehabilitasi Psikososial","Restitusi"]
[21-Sep-2025 19:45:19 UTC] Final per page: 10
[21-Sep-2025 19:45:19 UTC] Per page value: 10
[21-Sep-2025 19:45:19 UTC] GET parameters: Array
(
    [t] => permohonan
)

[21-Sep-2025 19:45:19 UTC] Page: 1, Per Page: 10, Offset: 0
[21-Sep-2025 19:45:19 UTC] Processing jenis_perlindungan IDs: 25, 21
[21-Sep-2025 19:45:19 UTC] Executing SQL: SELECT kategori, sub_pilihan FROM jenis_perlindungan WHERE id IN (?,?) ORDER BY kategori, sub_pilihan
[21-Sep-2025 19:45:19 UTC] Query result: [{"kategori":"Bantuan","sub_pilihan":"Rehabilitasi Psikososial"},{"kategori":"Fasilitasi Ganti Rugi","sub_pilihan":"Restitusi"}]
[21-Sep-2025 19:45:19 UTC] Final result: ["Rehabilitasi Psikososial","Restitusi"]
[21-Sep-2025 19:45:20 UTC] Executing SQL: SELECT permohonan.*, pegawai.nama_pegawai AS pegawai_nama_pegawai FROM permohonan LEFT JOIN pegawai ON permohonan.id_pegawai = pegawai.id_pegawai WHERE permohonan.no_reg_medan = ? LIMIT 1 with ID: REG-2026-017
[21-Sep-2025 19:45:20 UTC] Final processed data: {"no_reg_medan":"REG-2026-017","nama_pemohon":"ERIKSON","jenis_kelamin":"Laki-laki","status_hukum":"Korban","tgl_pengajuan":"2026-02-14","pihak_perwakilan":"INSTANSI PEMERINTAH","tindak_pidana":"PHB","id_pegawai":6,"kelengkapan_berkas":"Berkas kurang","media_pengajuan":"WA","link_berkas_permohonan":"https:\/\/limo.lpsk.go.id\/apps\/files\/files","jenis_perlindungan":"25,21","kab_kot_locus":"Banda Aceh","provinsi":"Aceh","kab_kota_pemohon":"Banda Aceh selatan","provinsi_pemohon":"Aceh","tempat_permohonan":"MEDAN","created_at":"2025-09-19 14:56:13","updated_at":"2025-09-21 04:23:09","pegawai_nama_pegawai":"Viviani Octaria Parhusip, S.IP","nama_pegawai":"Viviani Octaria Parhusip, S.IP"}
[21-Sep-2025 19:45:24 UTC] Database error: SQLSTATE[23000]: Integrity constraint violation: 1451 Cannot delete or update a parent row: a foreign key constraint fails (`lpsk2`.`permohonan_perlindungan`, CONSTRAINT `permohonan_perlindungan_ibfk_1` FOREIGN KEY (`no_reg_medan`) REFERENCES `permohonan` (`no_reg_medan`))
[21-Sep-2025 19:45:24 UTC] Final per page: 10
[21-Sep-2025 19:45:24 UTC] Per page value: 10
[21-Sep-2025 19:45:24 UTC] GET parameters: Array
(
    [t] => permohonan
)

[21-Sep-2025 19:45:24 UTC] Page: 1, Per Page: 10, Offset: 0
[21-Sep-2025 19:45:24 UTC] Executing SQL: SELECT permohonan.*, pegawai.nama_pegawai AS pegawai_nama_pegawai FROM permohonan LEFT JOIN pegawai ON permohonan.id_pegawai = pegawai.id_pegawai WHERE permohonan.no_reg_medan = ? LIMIT 1 with ID: REG-2026-017
[21-Sep-2025 19:45:24 UTC] Final processed data: {"no_reg_medan":"REG-2026-017","nama_pemohon":"ERIKSON","jenis_kelamin":"Laki-laki","status_hukum":"Korban","tgl_pengajuan":"2026-02-14","pihak_perwakilan":"INSTANSI PEMERINTAH","tindak_pidana":"PHB","id_pegawai":6,"kelengkapan_berkas":"Berkas kurang","media_pengajuan":"WA","link_berkas_permohonan":"https:\/\/limo.lpsk.go.id\/apps\/files\/files","jenis_perlindungan":"25,21","kab_kot_locus":"Banda Aceh","provinsi":"Aceh","kab_kota_pemohon":"Banda Aceh selatan","provinsi_pemohon":"Aceh","tempat_permohonan":"MEDAN","created_at":"2025-09-19 14:56:13","updated_at":"2025-09-21 04:23:09","pegawai_nama_pegawai":"Viviani Octaria Parhusip, S.IP","nama_pegawai":"Viviani Octaria Parhusip, S.IP"}
[21-Sep-2025 19:45:25 UTC] Processing jenis_perlindungan IDs: 25, 21
[21-Sep-2025 19:45:25 UTC] Executing SQL: SELECT kategori, sub_pilihan FROM jenis_perlindungan WHERE id IN (?,?) ORDER BY kategori, sub_pilihan
[21-Sep-2025 19:45:25 UTC] Query result: [{"kategori":"Bantuan","sub_pilihan":"Rehabilitasi Psikososial"},{"kategori":"Fasilitasi Ganti Rugi","sub_pilihan":"Restitusi"}]
[21-Sep-2025 19:45:25 UTC] Final result: ["Rehabilitasi Psikososial","Restitusi"]
[21-Sep-2025 19:45:29 UTC] Final per page: 10
[21-Sep-2025 19:45:29 UTC] Per page value: 10
[21-Sep-2025 19:45:29 UTC] GET parameters: Array
(
    [t] => layanan
)

[21-Sep-2025 19:45:29 UTC] Page: 1, Per Page: 10, Offset: 0
[21-Sep-2025 19:45:29 UTC] Executing SQL: SELECT layanan.*, pegawai.nama_pegawai AS pegawai_nama_pegawai, permohonan.status_hukum AS permohonan_status_hukum, permohonan.kab_kota_pemohon AS permohonan_kab_kota_pemohon, permohonan.provinsi_pemohon AS permohonan_provinsi_pemohon FROM layanan LEFT JOIN pegawai ON layanan.id_pegawai = pegawai.id_pegawai LEFT JOIN permohonan ON layanan.no_reg_medan = permohonan.no_reg_medan LEFT JOIN penelaahan ON layanan.no_registrasi = penelaahan.no_registrasi WHERE layanan.no_kep_smpl = ? LIMIT 1 with ID: REG-2026-017
[21-Sep-2025 19:45:29 UTC] Final processed data: {"jenis_perlindungan":""}
[21-Sep-2025 19:45:30 UTC] Processing jenis_perlindungan IDs: 25, 21
[21-Sep-2025 19:45:30 UTC] Executing SQL: SELECT kategori, sub_pilihan FROM jenis_perlindungan WHERE id IN (?,?) ORDER BY kategori, sub_pilihan
[21-Sep-2025 19:45:30 UTC] Query result: [{"kategori":"Bantuan","sub_pilihan":"Rehabilitasi Psikososial"},{"kategori":"Fasilitasi Ganti Rugi","sub_pilihan":"Restitusi"}]
[21-Sep-2025 19:45:30 UTC] Final result: ["Rehabilitasi Psikososial","Restitusi"]
[21-Sep-2025 19:52:21 UTC] Final per page: 10
[21-Sep-2025 19:52:21 UTC] Per page value: 10
[21-Sep-2025 19:52:21 UTC] GET parameters: Array
(
    [t] => layanan
)

[21-Sep-2025 19:52:21 UTC] Page: 1, Per Page: 10, Offset: 0
[21-Sep-2025 19:52:22 UTC] Executing SQL: SELECT layanan.*, pegawai.nama_pegawai AS pegawai_nama_pegawai, permohonan.status_hukum AS permohonan_status_hukum, permohonan.kab_kota_pemohon AS permohonan_kab_kota_pemohon, permohonan.provinsi_pemohon AS permohonan_provinsi_pemohon FROM layanan LEFT JOIN pegawai ON layanan.id_pegawai = pegawai.id_pegawai LEFT JOIN permohonan ON layanan.no_reg_medan = permohonan.no_reg_medan LEFT JOIN penelaahan ON layanan.no_registrasi = penelaahan.no_registrasi WHERE layanan.no_kep_smpl = ? LIMIT 1 with ID: REG-2026-017
[21-Sep-2025 19:52:22 UTC] Final processed data: {"jenis_perlindungan":""}
[21-Sep-2025 19:52:23 UTC] Processing jenis_perlindungan IDs: 25, 21
[21-Sep-2025 19:52:23 UTC] Executing SQL: SELECT kategori, sub_pilihan FROM jenis_perlindungan WHERE id IN (?,?) ORDER BY kategori, sub_pilihan
[21-Sep-2025 19:52:23 UTC] Query result: [{"kategori":"Bantuan","sub_pilihan":"Rehabilitasi Psikososial"},{"kategori":"Fasilitasi Ganti Rugi","sub_pilihan":"Restitusi"}]
[21-Sep-2025 19:52:23 UTC] Final result: ["Rehabilitasi Psikososial","Restitusi"]
[21-Sep-2025 19:52:26 UTC] Final per page: 10
[21-Sep-2025 19:52:26 UTC] Per page value: 10
[21-Sep-2025 19:52:26 UTC] GET parameters: Array
(
    [t] => layanan
)

[21-Sep-2025 19:52:26 UTC] Page: 1, Per Page: 10, Offset: 0
[21-Sep-2025 19:52:26 UTC] Executing SQL: SELECT layanan.*, pegawai.nama_pegawai AS pegawai_nama_pegawai, permohonan.status_hukum AS permohonan_status_hukum, permohonan.kab_kota_pemohon AS permohonan_kab_kota_pemohon, permohonan.provinsi_pemohon AS permohonan_provinsi_pemohon FROM layanan LEFT JOIN pegawai ON layanan.id_pegawai = pegawai.id_pegawai LEFT JOIN permohonan ON layanan.no_reg_medan = permohonan.no_reg_medan LEFT JOIN penelaahan ON layanan.no_registrasi = penelaahan.no_registrasi WHERE layanan.no_kep_smpl = ? LIMIT 1 with ID: REG-2026-017
[21-Sep-2025 19:52:26 UTC] Final processed data: {"jenis_perlindungan":""}
[21-Sep-2025 19:52:27 UTC] Processing jenis_perlindungan IDs: 25, 21
[21-Sep-2025 19:52:27 UTC] Executing SQL: SELECT kategori, sub_pilihan FROM jenis_perlindungan WHERE id IN (?,?) ORDER BY kategori, sub_pilihan
[21-Sep-2025 19:52:27 UTC] Query result: [{"kategori":"Bantuan","sub_pilihan":"Rehabilitasi Psikososial"},{"kategori":"Fasilitasi Ganti Rugi","sub_pilihan":"Restitusi"}]
[21-Sep-2025 19:52:27 UTC] Final result: ["Rehabilitasi Psikososial","Restitusi"]
[21-Sep-2025 19:55:56 UTC] Final per page: 10
[21-Sep-2025 19:55:56 UTC] Per page value: 10
[21-Sep-2025 19:55:56 UTC] GET parameters: Array
(
    [t] => layanan
)

[21-Sep-2025 19:55:56 UTC] Page: 1, Per Page: 10, Offset: 0
[21-Sep-2025 19:55:57 UTC] Executing SQL: SELECT layanan.*, pegawai.nama_pegawai AS pegawai_nama_pegawai, permohonan.status_hukum AS permohonan_status_hukum, permohonan.kab_kota_pemohon AS permohonan_kab_kota_pemohon, permohonan.provinsi_pemohon AS permohonan_provinsi_pemohon FROM layanan LEFT JOIN pegawai ON layanan.id_pegawai = pegawai.id_pegawai LEFT JOIN permohonan ON layanan.no_reg_medan = permohonan.no_reg_medan LEFT JOIN penelaahan ON layanan.no_registrasi = penelaahan.no_registrasi WHERE layanan.no_kep_smpl = ? LIMIT 1 with ID: REG-2026-017
[21-Sep-2025 19:55:57 UTC] Final processed data: {"jenis_perlindungan":""}
[21-Sep-2025 19:55:58 UTC] Processing jenis_perlindungan IDs: 25, 21
[21-Sep-2025 19:55:58 UTC] Executing SQL: SELECT kategori, sub_pilihan FROM jenis_perlindungan WHERE id IN (?,?) ORDER BY kategori, sub_pilihan
[21-Sep-2025 19:55:58 UTC] Query result: [{"kategori":"Bantuan","sub_pilihan":"Rehabilitasi Psikososial"},{"kategori":"Fasilitasi Ganti Rugi","sub_pilihan":"Restitusi"}]
[21-Sep-2025 19:55:58 UTC] Final result: ["Rehabilitasi Psikososial","Restitusi"]
[21-Sep-2025 19:56:00 UTC] Final per page: 10
[21-Sep-2025 19:56:00 UTC] Per page value: 10
[21-Sep-2025 19:56:00 UTC] GET parameters: Array
(
    [t] => layanan
)

[21-Sep-2025 19:56:00 UTC] Page: 1, Per Page: 10, Offset: 0
[21-Sep-2025 19:56:00 UTC] Executing SQL: SELECT layanan.*, pegawai.nama_pegawai AS pegawai_nama_pegawai, permohonan.status_hukum AS permohonan_status_hukum, permohonan.kab_kota_pemohon AS permohonan_kab_kota_pemohon, permohonan.provinsi_pemohon AS permohonan_provinsi_pemohon FROM layanan LEFT JOIN pegawai ON layanan.id_pegawai = pegawai.id_pegawai LEFT JOIN permohonan ON layanan.no_reg_medan = permohonan.no_reg_medan LEFT JOIN penelaahan ON layanan.no_registrasi = penelaahan.no_registrasi WHERE layanan.no_kep_smpl = ? LIMIT 1 with ID: REG-2026-017
[21-Sep-2025 19:56:00 UTC] Final processed data: {"jenis_perlindungan":""}
[21-Sep-2025 19:56:01 UTC] Processing jenis_perlindungan IDs: 25, 21
[21-Sep-2025 19:56:01 UTC] Executing SQL: SELECT kategori, sub_pilihan FROM jenis_perlindungan WHERE id IN (?,?) ORDER BY kategori, sub_pilihan
[21-Sep-2025 19:56:01 UTC] Query result: [{"kategori":"Bantuan","sub_pilihan":"Rehabilitasi Psikososial"},{"kategori":"Fasilitasi Ganti Rugi","sub_pilihan":"Restitusi"}]
[21-Sep-2025 19:56:01 UTC] Final result: ["Rehabilitasi Psikososial","Restitusi"]
[21-Sep-2025 19:56:03 UTC] Final per page: 10
[21-Sep-2025 19:56:03 UTC] Per page value: 10
[21-Sep-2025 19:56:04 UTC] GET parameters: Array
(
    [t] => penelaahan
)

[21-Sep-2025 19:56:04 UTC] Page: 1, Per Page: 10, Offset: 0
[21-Sep-2025 19:56:04 UTC] Processing jenis_perlindungan IDs: 25, 21
[21-Sep-2025 19:56:04 UTC] Executing SQL: SELECT kategori, sub_pilihan FROM jenis_perlindungan WHERE id IN (?,?) ORDER BY kategori, sub_pilihan
[21-Sep-2025 19:56:04 UTC] Query result: [{"kategori":"Bantuan","sub_pilihan":"Rehabilitasi Psikososial"},{"kategori":"Fasilitasi Ganti Rugi","sub_pilihan":"Restitusi"}]
[21-Sep-2025 19:56:04 UTC] Final result: ["Rehabilitasi Psikososial","Restitusi"]
[21-Sep-2025 19:56:05 UTC] Executing SQL: SELECT penelaahan.*, pegawai.nama_pegawai AS pegawai_nama_pegawai, permohonan.nama_pemohon AS permohonan_nama_pemohon, permohonan.jenis_kelamin AS permohonan_jenis_kelamin, permohonan.kab_kota_pemohon AS permohonan_kab_kota_pemohon, permohonan.provinsi_pemohon AS permohonan_provinsi_pemohon, permohonan.tindak_pidana AS permohonan_tindak_pidana, permohonan.status_hukum AS permohonan_status_hukum, permohonan.kab_kot_locus AS permohonan_kab_kot_locus, permohonan.jenis_perlindungan AS permohonan_jenis_perlindungan FROM penelaahan LEFT JOIN pegawai ON penelaahan.id_pegawai = pegawai.id_pegawai LEFT JOIN permohonan ON penelaahan.no_reg_medan = permohonan.no_reg_medan WHERE penelaahan.no_registrasi = ? LIMIT 1 with ID: REG-2026-017
[21-Sep-2025 19:56:05 UTC] Final processed data: false
[21-Sep-2025 19:56:07 UTC] Final per page: 10
[21-Sep-2025 19:56:07 UTC] Per page value: 10
[21-Sep-2025 19:56:07 UTC] GET parameters: Array
(
    [t] => penelaahan
)

[21-Sep-2025 19:56:07 UTC] Page: 1, Per Page: 10, Offset: 0
[21-Sep-2025 19:56:08 UTC] Executing SQL: SELECT penelaahan.*, pegawai.nama_pegawai AS pegawai_nama_pegawai, permohonan.nama_pemohon AS permohonan_nama_pemohon, permohonan.jenis_kelamin AS permohonan_jenis_kelamin, permohonan.kab_kota_pemohon AS permohonan_kab_kota_pemohon, permohonan.provinsi_pemohon AS permohonan_provinsi_pemohon, permohonan.tindak_pidana AS permohonan_tindak_pidana, permohonan.status_hukum AS permohonan_status_hukum, permohonan.kab_kot_locus AS permohonan_kab_kot_locus, permohonan.jenis_perlindungan AS permohonan_jenis_perlindungan FROM penelaahan LEFT JOIN pegawai ON penelaahan.id_pegawai = pegawai.id_pegawai LEFT JOIN permohonan ON penelaahan.no_reg_medan = permohonan.no_reg_medan WHERE penelaahan.no_registrasi = ? LIMIT 1 with ID: REG-2026-017
[21-Sep-2025 19:56:08 UTC] Final processed data: false
[21-Sep-2025 19:56:09 UTC] Processing jenis_perlindungan IDs: 25, 21
[21-Sep-2025 19:56:09 UTC] Executing SQL: SELECT kategori, sub_pilihan FROM jenis_perlindungan WHERE id IN (?,?) ORDER BY kategori, sub_pilihan
[21-Sep-2025 19:56:09 UTC] Query result: [{"kategori":"Bantuan","sub_pilihan":"Rehabilitasi Psikososial"},{"kategori":"Fasilitasi Ganti Rugi","sub_pilihan":"Restitusi"}]
[21-Sep-2025 19:56:09 UTC] Final result: ["Rehabilitasi Psikososial","Restitusi"]
[21-Sep-2025 19:56:11 UTC] Final per page: 10
[21-Sep-2025 19:56:11 UTC] Per page value: 10
[21-Sep-2025 19:56:11 UTC] GET parameters: Array
(
    [t] => permohonan
)

[21-Sep-2025 19:56:11 UTC] Page: 1, Per Page: 10, Offset: 0
[21-Sep-2025 19:56:11 UTC] Executing SQL: SELECT permohonan.*, pegawai.nama_pegawai AS pegawai_nama_pegawai FROM permohonan LEFT JOIN pegawai ON permohonan.id_pegawai = pegawai.id_pegawai WHERE permohonan.no_reg_medan = ? LIMIT 1 with ID: REG-2026-017
[21-Sep-2025 19:56:11 UTC] Final processed data: {"no_reg_medan":"REG-2026-017","nama_pemohon":"ERIKSON","jenis_kelamin":"Laki-laki","status_hukum":"Korban","tgl_pengajuan":"2026-02-14","pihak_perwakilan":"INSTANSI PEMERINTAH","tindak_pidana":"PHB","id_pegawai":6,"kelengkapan_berkas":"Berkas kurang","media_pengajuan":"WA","link_berkas_permohonan":"https:\/\/limo.lpsk.go.id\/apps\/files\/files","jenis_perlindungan":"25,21","kab_kot_locus":"Banda Aceh","provinsi":"Aceh","kab_kota_pemohon":"Banda Aceh selatan","provinsi_pemohon":"Aceh","tempat_permohonan":"MEDAN","created_at":"2025-09-19 14:56:13","updated_at":"2025-09-21 04:23:09","pegawai_nama_pegawai":"Viviani Octaria Parhusip, S.IP","nama_pegawai":"Viviani Octaria Parhusip, S.IP"}
[21-Sep-2025 19:56:12 UTC] Processing jenis_perlindungan IDs: 25, 21
[21-Sep-2025 19:56:12 UTC] Executing SQL: SELECT kategori, sub_pilihan FROM jenis_perlindungan WHERE id IN (?,?) ORDER BY kategori, sub_pilihan
[21-Sep-2025 19:56:12 UTC] Query result: [{"kategori":"Bantuan","sub_pilihan":"Rehabilitasi Psikososial"},{"kategori":"Fasilitasi Ganti Rugi","sub_pilihan":"Restitusi"}]
[21-Sep-2025 19:56:12 UTC] Final result: ["Rehabilitasi Psikososial","Restitusi"]
[21-Sep-2025 19:56:16 UTC] Final per page: 10
[21-Sep-2025 19:56:16 UTC] Per page value: 10
[21-Sep-2025 19:56:16 UTC] GET parameters: Array
(
    [t] => permohonan
)

[21-Sep-2025 19:56:16 UTC] Page: 1, Per Page: 10, Offset: 0
[21-Sep-2025 19:56:17 UTC] Executing SQL: SELECT permohonan.*, pegawai.nama_pegawai AS pegawai_nama_pegawai FROM permohonan LEFT JOIN pegawai ON permohonan.id_pegawai = pegawai.id_pegawai WHERE permohonan.no_reg_medan = ? LIMIT 1 with ID: REG-2026-017
[21-Sep-2025 19:56:17 UTC] Final processed data: {"jenis_perlindungan":""}
[21-Sep-2025 19:56:17 UTC] Processing jenis_perlindungan IDs: 25, 21
[21-Sep-2025 19:56:17 UTC] Executing SQL: SELECT kategori, sub_pilihan FROM jenis_perlindungan WHERE id IN (?,?) ORDER BY kategori, sub_pilihan
[21-Sep-2025 19:56:17 UTC] Query result: [{"kategori":"Bantuan","sub_pilihan":"Rehabilitasi Psikososial"},{"kategori":"Fasilitasi Ganti Rugi","sub_pilihan":"Restitusi"}]
[21-Sep-2025 19:56:17 UTC] Final result: ["Rehabilitasi Psikososial","Restitusi"]
[21-Sep-2025 19:56:24 UTC] Final per page: 10
[21-Sep-2025 19:56:24 UTC] Per page value: 10
[21-Sep-2025 19:56:24 UTC] GET parameters: Array
(
    [t] => permohonan
)

[21-Sep-2025 19:56:24 UTC] Page: 1, Per Page: 10, Offset: 0
[21-Sep-2025 19:56:24 UTC] Processing jenis_perlindungan IDs: 25, 21
[21-Sep-2025 19:56:24 UTC] Executing SQL: SELECT kategori, sub_pilihan FROM jenis_perlindungan WHERE id IN (?,?) ORDER BY kategori, sub_pilihan
[21-Sep-2025 19:56:24 UTC] Query result: [{"kategori":"Bantuan","sub_pilihan":"Rehabilitasi Psikososial"},{"kategori":"Fasilitasi Ganti Rugi","sub_pilihan":"Restitusi"}]
[21-Sep-2025 19:56:24 UTC] Final result: ["Rehabilitasi Psikososial","Restitusi"]
[21-Sep-2025 19:56:25 UTC] Executing SQL: SELECT permohonan.*, pegawai.nama_pegawai AS pegawai_nama_pegawai FROM permohonan LEFT JOIN pegawai ON permohonan.id_pegawai = pegawai.id_pegawai WHERE permohonan.no_reg_medan = ? LIMIT 1 with ID: REG-2026-017
[21-Sep-2025 19:56:25 UTC] Final processed data: {"jenis_perlindungan":""}
[23-Sep-2025 09:05:40 UTC] Final per page: 10
[23-Sep-2025 09:05:40 UTC] Per page value: 10
[23-Sep-2025 09:05:40 UTC] GET parameters: Array
(
    [t] => permohonan
)

[23-Sep-2025 09:05:40 UTC] Page: 1, Per Page: 10, Offset: 0
[23-Sep-2025 09:05:40 UTC] Executing SQL: SELECT permohonan.*, pegawai.nama_pegawai AS pegawai_nama_pegawai FROM permohonan LEFT JOIN pegawai ON permohonan.id_pegawai = pegawai.id_pegawai WHERE permohonan.no_reg_medan = ? LIMIT 1 with ID: REG-2026-017
[23-Sep-2025 09:05:40 UTC] Final processed data: {"jenis_perlindungan":""}
[23-Sep-2025 09:05:41 UTC] Processing jenis_perlindungan IDs: 25, 21
[23-Sep-2025 09:05:41 UTC] Executing SQL: SELECT kategori, sub_pilihan FROM jenis_perlindungan WHERE id IN (?,?) ORDER BY kategori, sub_pilihan
[23-Sep-2025 09:05:41 UTC] Query result: [{"kategori":"Bantuan","sub_pilihan":"Rehabilitasi Psikososial"},{"kategori":"Fasilitasi Ganti Rugi","sub_pilihan":"Restitusi"}]
[23-Sep-2025 09:05:41 UTC] Final result: ["Rehabilitasi Psikososial","Restitusi"]
[23-Sep-2025 19:18:51 UTC] Final per page: 10
[23-Sep-2025 19:18:51 UTC] Per page value: 10
[23-Sep-2025 19:18:51 UTC] GET parameters: Array
(
    [t] => permohonan
)

[23-Sep-2025 19:18:51 UTC] Page: 1, Per Page: 10, Offset: 0
[23-Sep-2025 19:18:51 UTC] Executing SQL: SELECT permohonan.*, pegawai.nama_pegawai AS pegawai_nama_pegawai FROM permohonan LEFT JOIN pegawai ON permohonan.id_pegawai = pegawai.id_pegawai WHERE permohonan.no_reg_medan = ? LIMIT 1 with ID: REG-2026-017
[23-Sep-2025 19:18:51 UTC] Final processed data: {"jenis_perlindungan":""}
[23-Sep-2025 19:18:52 UTC] Processing jenis_perlindungan IDs: 25, 21
[23-Sep-2025 19:18:52 UTC] Executing SQL: SELECT kategori, sub_pilihan FROM jenis_perlindungan WHERE id IN (?,?) ORDER BY kategori, sub_pilihan
[23-Sep-2025 19:18:52 UTC] Query result: [{"kategori":"Bantuan","sub_pilihan":"Rehabilitasi Psikososial"},{"kategori":"Fasilitasi Ganti Rugi","sub_pilihan":"Restitusi"}]
[23-Sep-2025 19:18:52 UTC] Final result: ["Rehabilitasi Psikososial","Restitusi"]
[23-Sep-2025 19:18:55 UTC] Executing SQL: SELECT permohonan.*, pegawai.nama_pegawai AS pegawai_nama_pegawai FROM permohonan LEFT JOIN pegawai ON permohonan.id_pegawai = pegawai.id_pegawai WHERE permohonan.no_reg_medan = ? LIMIT 1 with ID: REG-MDN-2025-001
[23-Sep-2025 19:18:55 UTC] Final processed data: {"no_reg_medan":"REG-MDN-2025-001","nama_pemohon":"ERIKSON","jenis_kelamin":"Laki-laki","status_hukum":"Ahli","tgl_pengajuan":"2025-09-21","pihak_perwakilan":"KELUARGA","tindak_pidana":"NARKOTIKA","id_pegawai":6,"kelengkapan_berkas":"Berkas kurang","media_pengajuan":"MPP","link_berkas_permohonan":"https:\/\/limo.lpsk.go.id\/apps\/files\/files","jenis_perlindungan":"24,25,21,8,2,15,16","kab_kot_locus":"Banda Aceh","provinsi":"Aceh","kab_kota_pemohon":"Banda Aceh selatan","provinsi_pemohon":"Aceh","tempat_permohonan":"MEDAN","created_at":"2025-09-21 23:30:16","updated_at":"2025-09-22 01:41:54","pegawai_nama_pegawai":"Viviani Octaria Parhusip, S.IP","nama_pegawai":"Viviani Octaria Parhusip, S.IP"}
[23-Sep-2025 19:19:09 UTC] Field no_reg_medan: 'REG-MDN-2025-001'
[23-Sep-2025 19:19:09 UTC] Field nama_pemohon: 'ERIKSON'
[23-Sep-2025 19:19:09 UTC] Field jenis_kelamin: 'laki-laki'
[23-Sep-2025 19:19:09 UTC] Field status_hukum: 'Ahli'
[23-Sep-2025 19:19:09 UTC] Field tgl_pengajuan: '2025-09-21'
[23-Sep-2025 19:19:09 UTC] Field pihak_perwakilan: 'KELUARGA'
[23-Sep-2025 19:19:09 UTC] Field tindak_pidana: 'TERORISME'
[23-Sep-2025 19:19:09 UTC] Field id_pegawai: '6'
[23-Sep-2025 19:19:09 UTC] Field kelengkapan_berkas: 'Berkas kurang'
[23-Sep-2025 19:19:09 UTC] Field media_pengajuan: 'MPP'
[23-Sep-2025 19:19:09 UTC] Field link_berkas_permohonan: 'https://limo.lpsk.go.id/apps/files/files'
[23-Sep-2025 19:19:09 UTC] Field kab_kot_locus: 'Banda Aceh'
[23-Sep-2025 19:19:09 UTC] Field provinsi: 'Aceh'
[23-Sep-2025 19:19:09 UTC] Field kab_kota_pemohon: 'Banda Aceh selatan'
[23-Sep-2025 19:19:09 UTC] Field provinsi_pemohon: 'Aceh'
[23-Sep-2025 19:19:09 UTC] Field tempat_permohonan: 'MEDAN'
[23-Sep-2025 19:19:09 UTC] Data to save: Array
(
    [no_reg_medan] => REG-MDN-2025-001
    [nama_pemohon] => ERIKSON
    [jenis_kelamin] => laki-laki
    [status_hukum] => Ahli
    [tgl_pengajuan] => 2025-09-21
    [pihak_perwakilan] => KELUARGA
    [tindak_pidana] => TERORISME
    [id_pegawai] => 6
    [kelengkapan_berkas] => Berkas kurang
    [media_pengajuan] => MPP
    [link_berkas_permohonan] => https://limo.lpsk.go.id/apps/files/files
    [jenis_perlindungan] => 24,25,21,8,2,15,16
    [kab_kot_locus] => Banda Aceh
    [provinsi] => Aceh
    [kab_kota_pemohon] => Banda Aceh selatan
    [provinsi_pemohon] => Aceh
    [tempat_permohonan] => MEDAN
)

[23-Sep-2025 19:19:09 UTC] SQL: UPDATE permohonan SET no_reg_medan=?,nama_pemohon=?,jenis_kelamin=?,status_hukum=?,tgl_pengajuan=?,pihak_perwakilan=?,tindak_pidana=?,id_pegawai=?,kelengkapan_berkas=?,media_pengajuan=?,link_berkas_permohonan=?,jenis_perlindungan=?,kab_kot_locus=?,provinsi=?,kab_kota_pemohon=?,provinsi_pemohon=?,tempat_permohonan=? WHERE no_reg_medan=?
[23-Sep-2025 19:19:09 UTC] Params: Array
(
    [0] => REG-MDN-2025-001
    [1] => ERIKSON
    [2] => laki-laki
    [3] => Ahli
    [4] => 2025-09-21
    [5] => KELUARGA
    [6] => TERORISME
    [7] => 6
    [8] => Berkas kurang
    [9] => MPP
    [10] => https://limo.lpsk.go.id/apps/files/files
    [11] => 24,25,21,8,2,15,16
    [12] => Banda Aceh
    [13] => Aceh
    [14] => Banda Aceh selatan
    [15] => Aceh
    [16] => MEDAN
    [17] => REG-MDN-2025-001
)

[23-Sep-2025 19:19:09 UTC] Final per page: 10
[23-Sep-2025 19:19:09 UTC] Per page value: 10
[23-Sep-2025 19:19:09 UTC] GET parameters: Array
(
    [t] => permohonan
)

[23-Sep-2025 19:19:09 UTC] Page: 1, Per Page: 10, Offset: 0
[23-Sep-2025 19:19:09 UTC] Executing SQL: SELECT permohonan.*, pegawai.nama_pegawai AS pegawai_nama_pegawai FROM permohonan LEFT JOIN pegawai ON permohonan.id_pegawai = pegawai.id_pegawai WHERE permohonan.no_reg_medan = ? LIMIT 1 with ID: REG-2026-017
[23-Sep-2025 19:19:09 UTC] Final processed data: {"jenis_perlindungan":""}
[23-Sep-2025 19:19:10 UTC] Processing jenis_perlindungan IDs: 25, 21
[23-Sep-2025 19:19:10 UTC] Executing SQL: SELECT kategori, sub_pilihan FROM jenis_perlindungan WHERE id IN (?,?) ORDER BY kategori, sub_pilihan
[23-Sep-2025 19:19:10 UTC] Query result: [{"kategori":"Bantuan","sub_pilihan":"Rehabilitasi Psikososial"},{"kategori":"Fasilitasi Ganti Rugi","sub_pilihan":"Restitusi"}]
[23-Sep-2025 19:19:10 UTC] Final result: ["Rehabilitasi Psikososial","Restitusi"]
[23-Sep-2025 19:19:29 UTC] Final per page: 10
[23-Sep-2025 19:19:29 UTC] Per page value: 10
[23-Sep-2025 19:19:29 UTC] GET parameters: Array
(
    [t] => permohonan
)

[23-Sep-2025 19:19:29 UTC] Page: 1, Per Page: 10, Offset: 0
[23-Sep-2025 19:19:29 UTC] Executing SQL: SELECT permohonan.*, pegawai.nama_pegawai AS pegawai_nama_pegawai FROM permohonan LEFT JOIN pegawai ON permohonan.id_pegawai = pegawai.id_pegawai WHERE permohonan.no_reg_medan = ? LIMIT 1 with ID: REG-2026-017
[23-Sep-2025 19:19:29 UTC] Final processed data: {"jenis_perlindungan":""}
[23-Sep-2025 19:19:30 UTC] Processing jenis_perlindungan IDs: 25, 21
[23-Sep-2025 19:19:30 UTC] Executing SQL: SELECT kategori, sub_pilihan FROM jenis_perlindungan WHERE id IN (?,?) ORDER BY kategori, sub_pilihan
[23-Sep-2025 19:19:30 UTC] Query result: [{"kategori":"Bantuan","sub_pilihan":"Rehabilitasi Psikososial"},{"kategori":"Fasilitasi Ganti Rugi","sub_pilihan":"Restitusi"}]
[23-Sep-2025 19:19:30 UTC] Final result: ["Rehabilitasi Psikososial","Restitusi"]
[23-Sep-2025 19:19:37 UTC] Executing SQL: SELECT permohonan.*, pegawai.nama_pegawai AS pegawai_nama_pegawai FROM permohonan LEFT JOIN pegawai ON permohonan.id_pegawai = pegawai.id_pegawai WHERE permohonan.no_reg_medan = ? LIMIT 1 with ID: 105/P.MDN-LPSK/11/2024
[23-Sep-2025 19:19:37 UTC] Final processed data: {"no_reg_medan":"105\/P.MDN-LPSK\/11\/2024","nama_pemohon":"Sepadan Sembiring","jenis_kelamin":"Laki-laki","status_hukum":"Korban","tgl_pengajuan":"2024-11-29","pihak_perwakilan":"DIRI SENDIRI","tindak_pidana":"PENGANIAYAAN","id_pegawai":4,"kelengkapan_berkas":"ADA","media_pengajuan":"Pro Aktif","link_berkas_permohonan":null,"jenis_perlindungan":"","kab_kot_locus":"Kab_Deli Serdang","provinsi":"Sumatera Utara","kab_kota_pemohon":"Kab_Deli Serdang","provinsi_pemohon":"Sumatera Utara","tempat_permohonan":"MEDAN","created_at":"2025-09-16 14:40:56","updated_at":"2025-09-21 04:23:09","pegawai_nama_pegawai":"Fikri Anugrah, S.H.","nama_pegawai":"Fikri Anugrah, S.H."}
[23-Sep-2025 19:19:57 UTC] Field no_reg_medan: '105/P.MDN-LPSK/11/2024'
[23-Sep-2025 19:19:57 UTC] Field nama_pemohon: 'Sepadan Sembiring'
[23-Sep-2025 19:19:57 UTC] Field jenis_kelamin: 'laki-laki'
[23-Sep-2025 19:19:57 UTC] Field status_hukum: 'Korban'
[23-Sep-2025 19:19:57 UTC] Field tgl_pengajuan: '2024-11-29'
[23-Sep-2025 19:19:57 UTC] Field pihak_perwakilan: 'DIRI SENDIRI'
[23-Sep-2025 19:19:57 UTC] Field tindak_pidana: 'TPPU'
[23-Sep-2025 19:19:57 UTC] Field id_pegawai: '4'
[23-Sep-2025 19:19:57 UTC] Field kelengkapan_berkas: 'ADA'
[23-Sep-2025 19:19:57 UTC] Field media_pengajuan: 'MPP'
[23-Sep-2025 19:19:57 UTC] Field link_berkas_permohonan: ''
[23-Sep-2025 19:19:57 UTC] Field kab_kot_locus: 'Kab_Deli Serdang'
[23-Sep-2025 19:19:57 UTC] Field provinsi: 'Sumatera Utara'
[23-Sep-2025 19:19:57 UTC] Field kab_kota_pemohon: 'Kab_Deli Serdang'
[23-Sep-2025 19:19:57 UTC] Field provinsi_pemohon: 'Sumatera Utara'
[23-Sep-2025 19:19:57 UTC] Field tempat_permohonan: 'MEDAN'
[23-Sep-2025 19:19:57 UTC] Data to save: Array
(
    [no_reg_medan] => 105/P.MDN-LPSK/11/2024
    [nama_pemohon] => Sepadan Sembiring
    [jenis_kelamin] => laki-laki
    [status_hukum] => Korban
    [tgl_pengajuan] => 2024-11-29
    [pihak_perwakilan] => DIRI SENDIRI
    [tindak_pidana] => TPPU
    [id_pegawai] => 4
    [kelengkapan_berkas] => ADA
    [media_pengajuan] => MPP
    [link_berkas_permohonan] => 
    [jenis_perlindungan] => 
    [kab_kot_locus] => Kab_Deli Serdang
    [provinsi] => Sumatera Utara
    [kab_kota_pemohon] => Kab_Deli Serdang
    [provinsi_pemohon] => Sumatera Utara
    [tempat_permohonan] => MEDAN
)

[23-Sep-2025 19:19:57 UTC] SQL: UPDATE permohonan SET no_reg_medan=?,nama_pemohon=?,jenis_kelamin=?,status_hukum=?,tgl_pengajuan=?,pihak_perwakilan=?,tindak_pidana=?,id_pegawai=?,kelengkapan_berkas=?,media_pengajuan=?,link_berkas_permohonan=?,jenis_perlindungan=?,kab_kot_locus=?,provinsi=?,kab_kota_pemohon=?,provinsi_pemohon=?,tempat_permohonan=? WHERE no_reg_medan=?
[23-Sep-2025 19:19:57 UTC] Params: Array
(
    [0] => 105/P.MDN-LPSK/11/2024
    [1] => Sepadan Sembiring
    [2] => laki-laki
    [3] => Korban
    [4] => 2024-11-29
    [5] => DIRI SENDIRI
    [6] => TPPU
    [7] => 4
    [8] => ADA
    [9] => MPP
    [10] => 
    [11] => 
    [12] => Kab_Deli Serdang
    [13] => Sumatera Utara
    [14] => Kab_Deli Serdang
    [15] => Sumatera Utara
    [16] => MEDAN
    [17] => 105/P.MDN-LPSK/11/2024
)

[23-Sep-2025 19:19:57 UTC] Final per page: 10
[23-Sep-2025 19:19:57 UTC] Per page value: 10
[23-Sep-2025 19:19:57 UTC] GET parameters: Array
(
    [t] => permohonan
)

[23-Sep-2025 19:19:57 UTC] Page: 1, Per Page: 10, Offset: 0
[23-Sep-2025 19:19:57 UTC] Executing SQL: SELECT permohonan.*, pegawai.nama_pegawai AS pegawai_nama_pegawai FROM permohonan LEFT JOIN pegawai ON permohonan.id_pegawai = pegawai.id_pegawai WHERE permohonan.no_reg_medan = ? LIMIT 1 with ID: REG-2026-017
[23-Sep-2025 19:19:57 UTC] Final processed data: {"jenis_perlindungan":""}
[23-Sep-2025 19:19:58 UTC] Processing jenis_perlindungan IDs: 25, 21
[23-Sep-2025 19:19:58 UTC] Executing SQL: SELECT kategori, sub_pilihan FROM jenis_perlindungan WHERE id IN (?,?) ORDER BY kategori, sub_pilihan
[23-Sep-2025 19:19:58 UTC] Query result: [{"kategori":"Bantuan","sub_pilihan":"Rehabilitasi Psikososial"},{"kategori":"Fasilitasi Ganti Rugi","sub_pilihan":"Restitusi"}]
[23-Sep-2025 19:19:58 UTC] Final result: ["Rehabilitasi Psikososial","Restitusi"]
[23-Sep-2025 19:20:20 UTC] Final per page: 10
[23-Sep-2025 19:20:20 UTC] Per page value: 10
[23-Sep-2025 19:20:20 UTC] GET parameters: Array
(
    [t] => permohonan
)

[23-Sep-2025 19:20:20 UTC] Page: 1, Per Page: 10, Offset: 0
[23-Sep-2025 19:20:20 UTC] Executing SQL: SELECT permohonan.*, pegawai.nama_pegawai AS pegawai_nama_pegawai FROM permohonan LEFT JOIN pegawai ON permohonan.id_pegawai = pegawai.id_pegawai WHERE permohonan.no_reg_medan = ? LIMIT 1 with ID: REG-2026-017
[23-Sep-2025 19:20:20 UTC] Final processed data: {"jenis_perlindungan":""}
[23-Sep-2025 19:20:21 UTC] Processing jenis_perlindungan IDs: 25, 21
[23-Sep-2025 19:20:21 UTC] Executing SQL: SELECT kategori, sub_pilihan FROM jenis_perlindungan WHERE id IN (?,?) ORDER BY kategori, sub_pilihan
[23-Sep-2025 19:20:21 UTC] Query result: [{"kategori":"Bantuan","sub_pilihan":"Rehabilitasi Psikososial"},{"kategori":"Fasilitasi Ganti Rugi","sub_pilihan":"Restitusi"}]
[23-Sep-2025 19:20:21 UTC] Final result: ["Rehabilitasi Psikososial","Restitusi"]
[23-Sep-2025 19:23:49 UTC] Final per page: 10
[23-Sep-2025 19:23:49 UTC] Per page value: 10
[23-Sep-2025 19:23:49 UTC] GET parameters: Array
(
    [t] => permohonan
)

[23-Sep-2025 19:23:49 UTC] Page: 1, Per Page: 10, Offset: 0
[23-Sep-2025 19:23:49 UTC] Executing SQL: SELECT permohonan.*, pegawai.nama_pegawai AS pegawai_nama_pegawai FROM permohonan LEFT JOIN pegawai ON permohonan.id_pegawai = pegawai.id_pegawai WHERE permohonan.no_reg_medan = ? LIMIT 1 with ID: REG-2026-017
[23-Sep-2025 19:23:49 UTC] Final processed data: {"jenis_perlindungan":""}
[23-Sep-2025 19:23:50 UTC] Processing jenis_perlindungan IDs: 25, 21
[23-Sep-2025 19:23:50 UTC] Executing SQL: SELECT kategori, sub_pilihan FROM jenis_perlindungan WHERE id IN (?,?) ORDER BY kategori, sub_pilihan
[23-Sep-2025 19:23:50 UTC] Query result: [{"kategori":"Bantuan","sub_pilihan":"Rehabilitasi Psikososial"},{"kategori":"Fasilitasi Ganti Rugi","sub_pilihan":"Restitusi"}]
[23-Sep-2025 19:23:50 UTC] Final result: ["Rehabilitasi Psikososial","Restitusi"]
[23-Sep-2025 19:24:24 UTC] Final per page: 10
[23-Sep-2025 19:24:24 UTC] Per page value: 10
[23-Sep-2025 19:24:24 UTC] GET parameters: Array
(
    [t] => permohonan
)

[23-Sep-2025 19:24:24 UTC] Page: 1, Per Page: 10, Offset: 0
[23-Sep-2025 19:24:24 UTC] Processing jenis_perlindungan IDs: 25, 21
[23-Sep-2025 19:24:24 UTC] Executing SQL: SELECT kategori, sub_pilihan FROM jenis_perlindungan WHERE id IN (?,?) ORDER BY kategori, sub_pilihan
[23-Sep-2025 19:24:24 UTC] Query result: [{"kategori":"Bantuan","sub_pilihan":"Rehabilitasi Psikososial"},{"kategori":"Fasilitasi Ganti Rugi","sub_pilihan":"Restitusi"}]
[23-Sep-2025 19:24:24 UTC] Final result: ["Rehabilitasi Psikososial","Restitusi"]
[23-Sep-2025 19:24:25 UTC] Executing SQL: SELECT permohonan.*, pegawai.nama_pegawai AS pegawai_nama_pegawai FROM permohonan LEFT JOIN pegawai ON permohonan.id_pegawai = pegawai.id_pegawai WHERE permohonan.no_reg_medan = ? LIMIT 1 with ID: REG-2026-017
[23-Sep-2025 19:24:25 UTC] Final processed data: {"jenis_perlindungan":""}
[23-Sep-2025 19:24:55 UTC] Final per page: 10
[23-Sep-2025 19:24:55 UTC] Per page value: 10
[23-Sep-2025 19:24:55 UTC] GET parameters: Array
(
    [t] => permohonan
)

[23-Sep-2025 19:24:55 UTC] Page: 1, Per Page: 10, Offset: 0
[23-Sep-2025 19:24:56 UTC] Processing jenis_perlindungan IDs: 25, 21
[23-Sep-2025 19:24:56 UTC] Executing SQL: SELECT kategori, sub_pilihan FROM jenis_perlindungan WHERE id IN (?,?) ORDER BY kategori, sub_pilihan
[23-Sep-2025 19:24:56 UTC] Query result: [{"kategori":"Bantuan","sub_pilihan":"Rehabilitasi Psikososial"},{"kategori":"Fasilitasi Ganti Rugi","sub_pilihan":"Restitusi"}]
[23-Sep-2025 19:24:56 UTC] Final result: ["Rehabilitasi Psikososial","Restitusi"]
[23-Sep-2025 19:24:57 UTC] Executing SQL: SELECT permohonan.*, pegawai.nama_pegawai AS pegawai_nama_pegawai FROM permohonan LEFT JOIN pegawai ON permohonan.id_pegawai = pegawai.id_pegawai WHERE permohonan.no_reg_medan = ? LIMIT 1 with ID: REG-2026-017
[23-Sep-2025 19:24:57 UTC] Final processed data: {"jenis_perlindungan":""}
[23-Sep-2025 19:24:58 UTC] Final per page: 10
[23-Sep-2025 19:24:58 UTC] Per page value: 10
[23-Sep-2025 19:24:58 UTC] GET parameters: Array
(
    [t] => permohonan
)

[23-Sep-2025 19:24:58 UTC] Page: 1, Per Page: 10, Offset: 0
[23-Sep-2025 19:24:58 UTC] Executing SQL: SELECT permohonan.*, pegawai.nama_pegawai AS pegawai_nama_pegawai FROM permohonan LEFT JOIN pegawai ON permohonan.id_pegawai = pegawai.id_pegawai WHERE permohonan.no_reg_medan = ? LIMIT 1 with ID: REG-2026-017
[23-Sep-2025 19:24:58 UTC] Final processed data: {"jenis_perlindungan":""}
[23-Sep-2025 19:24:59 UTC] Processing jenis_perlindungan IDs: 25, 21
[23-Sep-2025 19:24:59 UTC] Executing SQL: SELECT kategori, sub_pilihan FROM jenis_perlindungan WHERE id IN (?,?) ORDER BY kategori, sub_pilihan
[23-Sep-2025 19:24:59 UTC] Query result: [{"kategori":"Bantuan","sub_pilihan":"Rehabilitasi Psikososial"},{"kategori":"Fasilitasi Ganti Rugi","sub_pilihan":"Restitusi"}]
[23-Sep-2025 19:24:59 UTC] Final result: ["Rehabilitasi Psikososial","Restitusi"]
[23-Sep-2025 19:25:15 UTC] Final per page: 10
[23-Sep-2025 19:25:15 UTC] Per page value: 10
[23-Sep-2025 19:25:15 UTC] GET parameters: Array
(
    [t] => permohonan
)

[23-Sep-2025 19:25:15 UTC] Page: 1, Per Page: 10, Offset: 0
[23-Sep-2025 19:25:15 UTC] Processing jenis_perlindungan IDs: 25, 21
[23-Sep-2025 19:25:15 UTC] Executing SQL: SELECT kategori, sub_pilihan FROM jenis_perlindungan WHERE id IN (?,?) ORDER BY kategori, sub_pilihan
[23-Sep-2025 19:25:15 UTC] Query result: [{"kategori":"Bantuan","sub_pilihan":"Rehabilitasi Psikososial"},{"kategori":"Fasilitasi Ganti Rugi","sub_pilihan":"Restitusi"}]
[23-Sep-2025 19:25:15 UTC] Final result: ["Rehabilitasi Psikososial","Restitusi"]
[23-Sep-2025 19:25:15 UTC] Executing SQL: SELECT permohonan.*, pegawai.nama_pegawai AS pegawai_nama_pegawai FROM permohonan LEFT JOIN pegawai ON permohonan.id_pegawai = pegawai.id_pegawai WHERE permohonan.no_reg_medan = ? LIMIT 1 with ID: REG-2026-017
[23-Sep-2025 19:25:15 UTC] Final processed data: {"jenis_perlindungan":""}
[23-Sep-2025 19:25:18 UTC] Executing SQL: SELECT permohonan.*, pegawai.nama_pegawai AS pegawai_nama_pegawai FROM permohonan LEFT JOIN pegawai ON permohonan.id_pegawai = pegawai.id_pegawai WHERE permohonan.no_reg_medan = ? LIMIT 1 with ID: 105/P.MDN-LPSK/11/2024
[23-Sep-2025 19:25:18 UTC] Final processed data: {"no_reg_medan":"105\/P.MDN-LPSK\/11\/2024","nama_pemohon":"Sepadan Sembiring","jenis_kelamin":"Laki-laki","status_hukum":"Korban","tgl_pengajuan":"2024-11-29","pihak_perwakilan":"DIRI SENDIRI","tindak_pidana":"TPPU","id_pegawai":4,"kelengkapan_berkas":"ADA","media_pengajuan":"MPP","link_berkas_permohonan":null,"jenis_perlindungan":"","kab_kot_locus":"Kab_Deli Serdang","provinsi":"Sumatera Utara","kab_kota_pemohon":"Kab_Deli Serdang","provinsi_pemohon":"Sumatera Utara","tempat_permohonan":"MEDAN","created_at":"2025-09-16 14:40:56","updated_at":"2025-09-24 02:19:57","pegawai_nama_pegawai":"Fikri Anugrah, S.H.","nama_pegawai":"Fikri Anugrah, S.H."}
[23-Sep-2025 19:25:29 UTC] Field no_reg_medan: '105/P.MDN-LPSK/11/2024'
[23-Sep-2025 19:25:29 UTC] Field nama_pemohon: 'Sepadan Sembiring'
[23-Sep-2025 19:25:29 UTC] Field jenis_kelamin: 'laki-laki'
[23-Sep-2025 19:25:29 UTC] Field status_hukum: 'Korban'
[23-Sep-2025 19:25:29 UTC] Field tgl_pengajuan: '2024-11-29'
[23-Sep-2025 19:25:29 UTC] Field pihak_perwakilan: 'DIRI SENDIRI'
[23-Sep-2025 19:25:29 UTC] Field tindak_pidana: 'TPL'
[23-Sep-2025 19:25:29 UTC] Field id_pegawai: '4'
[23-Sep-2025 19:25:29 UTC] Field kelengkapan_berkas: 'ADA'
[23-Sep-2025 19:25:29 UTC] Field media_pengajuan: 'MPP'
[23-Sep-2025 19:25:29 UTC] Field link_berkas_permohonan: ''
[23-Sep-2025 19:25:29 UTC] Field kab_kot_locus: 'Kab_Deli Serdang'
[23-Sep-2025 19:25:29 UTC] Field provinsi: 'Sumatera Utara'
[23-Sep-2025 19:25:29 UTC] Field kab_kota_pemohon: 'Kab_Deli Serdang'
[23-Sep-2025 19:25:29 UTC] Field provinsi_pemohon: 'Sumatera Utara'
[23-Sep-2025 19:25:29 UTC] Field tempat_permohonan: 'MEDAN'
[23-Sep-2025 19:25:29 UTC] Data to save: Array
(
    [no_reg_medan] => 105/P.MDN-LPSK/11/2024
    [nama_pemohon] => Sepadan Sembiring
    [jenis_kelamin] => laki-laki
    [status_hukum] => Korban
    [tgl_pengajuan] => 2024-11-29
    [pihak_perwakilan] => DIRI SENDIRI
    [tindak_pidana] => TPL
    [id_pegawai] => 4
    [kelengkapan_berkas] => ADA
    [media_pengajuan] => MPP
    [link_berkas_permohonan] => 
    [jenis_perlindungan] => 
    [kab_kot_locus] => Kab_Deli Serdang
    [provinsi] => Sumatera Utara
    [kab_kota_pemohon] => Kab_Deli Serdang
    [provinsi_pemohon] => Sumatera Utara
    [tempat_permohonan] => MEDAN
)

[23-Sep-2025 19:25:29 UTC] SQL: UPDATE permohonan SET no_reg_medan=?,nama_pemohon=?,jenis_kelamin=?,status_hukum=?,tgl_pengajuan=?,pihak_perwakilan=?,tindak_pidana=?,id_pegawai=?,kelengkapan_berkas=?,media_pengajuan=?,link_berkas_permohonan=?,jenis_perlindungan=?,kab_kot_locus=?,provinsi=?,kab_kota_pemohon=?,provinsi_pemohon=?,tempat_permohonan=? WHERE no_reg_medan=?
[23-Sep-2025 19:25:29 UTC] Params: Array
(
    [0] => 105/P.MDN-LPSK/11/2024
    [1] => Sepadan Sembiring
    [2] => laki-laki
    [3] => Korban
    [4] => 2024-11-29
    [5] => DIRI SENDIRI
    [6] => TPL
    [7] => 4
    [8] => ADA
    [9] => MPP
    [10] => 
    [11] => 
    [12] => Kab_Deli Serdang
    [13] => Sumatera Utara
    [14] => Kab_Deli Serdang
    [15] => Sumatera Utara
    [16] => MEDAN
    [17] => 105/P.MDN-LPSK/11/2024
)

[23-Sep-2025 19:25:29 UTC] Final per page: 10
[23-Sep-2025 19:25:29 UTC] Per page value: 10
[23-Sep-2025 19:25:29 UTC] GET parameters: Array
(
    [t] => permohonan
)

[23-Sep-2025 19:25:29 UTC] Page: 1, Per Page: 10, Offset: 0
[23-Sep-2025 19:25:29 UTC] Processing jenis_perlindungan IDs: 25, 21
[23-Sep-2025 19:25:29 UTC] Executing SQL: SELECT kategori, sub_pilihan FROM jenis_perlindungan WHERE id IN (?,?) ORDER BY kategori, sub_pilihan
[23-Sep-2025 19:25:29 UTC] Query result: [{"kategori":"Bantuan","sub_pilihan":"Rehabilitasi Psikososial"},{"kategori":"Fasilitasi Ganti Rugi","sub_pilihan":"Restitusi"}]
[23-Sep-2025 19:25:29 UTC] Final result: ["Rehabilitasi Psikososial","Restitusi"]
[23-Sep-2025 19:25:29 UTC] Executing SQL: SELECT permohonan.*, pegawai.nama_pegawai AS pegawai_nama_pegawai FROM permohonan LEFT JOIN pegawai ON permohonan.id_pegawai = pegawai.id_pegawai WHERE permohonan.no_reg_medan = ? LIMIT 1 with ID: REG-2026-017
[23-Sep-2025 19:25:29 UTC] Final processed data: {"jenis_perlindungan":""}
[23-Sep-2025 19:26:14 UTC] Final per page: 10
[23-Sep-2025 19:26:14 UTC] Per page value: 10
[23-Sep-2025 19:26:14 UTC] GET parameters: Array
(
    [t] => permohonan
)

[23-Sep-2025 19:26:14 UTC] Page: 1, Per Page: 10, Offset: 0
[23-Sep-2025 19:26:14 UTC] Processing jenis_perlindungan IDs: 25, 21
[23-Sep-2025 19:26:14 UTC] Executing SQL: SELECT kategori, sub_pilihan FROM jenis_perlindungan WHERE id IN (?,?) ORDER BY kategori, sub_pilihan
[23-Sep-2025 19:26:14 UTC] Query result: [{"kategori":"Bantuan","sub_pilihan":"Rehabilitasi Psikososial"},{"kategori":"Fasilitasi Ganti Rugi","sub_pilihan":"Restitusi"}]
[23-Sep-2025 19:26:14 UTC] Final result: ["Rehabilitasi Psikososial","Restitusi"]
[23-Sep-2025 19:26:14 UTC] Executing SQL: SELECT permohonan.*, pegawai.nama_pegawai AS pegawai_nama_pegawai FROM permohonan LEFT JOIN pegawai ON permohonan.id_pegawai = pegawai.id_pegawai WHERE permohonan.no_reg_medan = ? LIMIT 1 with ID: REG-2026-017
[23-Sep-2025 19:26:14 UTC] Final processed data: {"jenis_perlindungan":""}
[23-Sep-2025 19:26:17 UTC] Executing SQL: SELECT permohonan.*, pegawai.nama_pegawai AS pegawai_nama_pegawai FROM permohonan LEFT JOIN pegawai ON permohonan.id_pegawai = pegawai.id_pegawai WHERE permohonan.no_reg_medan = ? LIMIT 1 with ID: 105/P.MDN-LPSK/11/2024
[23-Sep-2025 19:26:17 UTC] Final processed data: {"no_reg_medan":"105\/P.MDN-LPSK\/11\/2024","nama_pemohon":"Sepadan Sembiring","jenis_kelamin":"Laki-laki","status_hukum":"Korban","tgl_pengajuan":"2024-11-29","pihak_perwakilan":"DIRI SENDIRI","tindak_pidana":"TPL","id_pegawai":4,"kelengkapan_berkas":"ADA","media_pengajuan":"MPP","link_berkas_permohonan":null,"jenis_perlindungan":"","kab_kot_locus":"Kab_Deli Serdang","provinsi":"Sumatera Utara","kab_kota_pemohon":"Kab_Deli Serdang","provinsi_pemohon":"Sumatera Utara","tempat_permohonan":"MEDAN","created_at":"2025-09-16 14:40:56","updated_at":"2025-09-24 02:25:29","pegawai_nama_pegawai":"Fikri Anugrah, S.H.","nama_pegawai":"Fikri Anugrah, S.H."}
[23-Sep-2025 19:26:28 UTC] Final per page: 10
[23-Sep-2025 19:26:28 UTC] Per page value: 10
[23-Sep-2025 19:26:28 UTC] GET parameters: Array
(
    [t] => penelaahan
)

[23-Sep-2025 19:26:28 UTC] Page: 1, Per Page: 10, Offset: 0
[23-Sep-2025 19:26:28 UTC] Processing jenis_perlindungan IDs: 25, 21
[23-Sep-2025 19:26:28 UTC] Executing SQL: SELECT kategori, sub_pilihan FROM jenis_perlindungan WHERE id IN (?,?) ORDER BY kategori, sub_pilihan
[23-Sep-2025 19:26:28 UTC] Query result: [{"kategori":"Bantuan","sub_pilihan":"Rehabilitasi Psikososial"},{"kategori":"Fasilitasi Ganti Rugi","sub_pilihan":"Restitusi"}]
[23-Sep-2025 19:26:28 UTC] Final result: ["Rehabilitasi Psikososial","Restitusi"]
[23-Sep-2025 19:26:28 UTC] Executing SQL: SELECT penelaahan.*, pegawai.nama_pegawai AS pegawai_nama_pegawai, permohonan.nama_pemohon AS permohonan_nama_pemohon, permohonan.jenis_kelamin AS permohonan_jenis_kelamin, permohonan.kab_kota_pemohon AS permohonan_kab_kota_pemohon, permohonan.provinsi_pemohon AS permohonan_provinsi_pemohon, permohonan.tindak_pidana AS permohonan_tindak_pidana, permohonan.status_hukum AS permohonan_status_hukum, permohonan.kab_kot_locus AS permohonan_kab_kot_locus, permohonan.jenis_perlindungan AS permohonan_jenis_perlindungan FROM penelaahan LEFT JOIN pegawai ON penelaahan.id_pegawai = pegawai.id_pegawai LEFT JOIN permohonan ON penelaahan.no_reg_medan = permohonan.no_reg_medan WHERE penelaahan.no_registrasi = ? LIMIT 1 with ID: REG-2026-017
[23-Sep-2025 19:26:28 UTC] Final processed data: false
[23-Sep-2025 19:26:29 UTC] Final per page: 10
[23-Sep-2025 19:26:29 UTC] Per page value: 10
[23-Sep-2025 19:26:29 UTC] GET parameters: Array
(
    [t] => permohonan
)

[23-Sep-2025 19:26:29 UTC] Page: 1, Per Page: 10, Offset: 0
[23-Sep-2025 19:26:29 UTC] Processing jenis_perlindungan IDs: 25, 21
[23-Sep-2025 19:26:29 UTC] Executing SQL: SELECT kategori, sub_pilihan FROM jenis_perlindungan WHERE id IN (?,?) ORDER BY kategori, sub_pilihan
[23-Sep-2025 19:26:29 UTC] Query result: [{"kategori":"Bantuan","sub_pilihan":"Rehabilitasi Psikososial"},{"kategori":"Fasilitasi Ganti Rugi","sub_pilihan":"Restitusi"}]
[23-Sep-2025 19:26:29 UTC] Final result: ["Rehabilitasi Psikososial","Restitusi"]
[23-Sep-2025 19:26:29 UTC] Executing SQL: SELECT permohonan.*, pegawai.nama_pegawai AS pegawai_nama_pegawai FROM permohonan LEFT JOIN pegawai ON permohonan.id_pegawai = pegawai.id_pegawai WHERE permohonan.no_reg_medan = ? LIMIT 1 with ID: REG-2026-017
[23-Sep-2025 19:26:29 UTC] Final processed data: {"jenis_perlindungan":""}
[23-Sep-2025 19:26:32 UTC] Executing SQL: SELECT permohonan.*, pegawai.nama_pegawai AS pegawai_nama_pegawai FROM permohonan LEFT JOIN pegawai ON permohonan.id_pegawai = pegawai.id_pegawai WHERE permohonan.no_reg_medan = ? LIMIT 1 with ID: REG-MDN-2025-001
[23-Sep-2025 19:26:32 UTC] Final processed data: {"no_reg_medan":"REG-MDN-2025-001","nama_pemohon":"ERIKSON","jenis_kelamin":"Laki-laki","status_hukum":"Ahli","tgl_pengajuan":"2025-09-21","pihak_perwakilan":"KELUARGA","tindak_pidana":"TERORISME","id_pegawai":6,"kelengkapan_berkas":"Berkas kurang","media_pengajuan":"MPP","link_berkas_permohonan":"https:\/\/limo.lpsk.go.id\/apps\/files\/files","jenis_perlindungan":"24,25,21,8,2,15,16","kab_kot_locus":"Banda Aceh","provinsi":"Aceh","kab_kota_pemohon":"Banda Aceh selatan","provinsi_pemohon":"Aceh","tempat_permohonan":"MEDAN","created_at":"2025-09-21 23:30:16","updated_at":"2025-09-24 02:19:09","pegawai_nama_pegawai":"Viviani Octaria Parhusip, S.IP","nama_pegawai":"Viviani Octaria Parhusip, S.IP"}
[23-Sep-2025 19:26:41 UTC] Field no_reg_medan: 'REG-MDN-2025-001'
[23-Sep-2025 19:26:41 UTC] Field nama_pemohon: 'ERIKSON'
[23-Sep-2025 19:26:41 UTC] Field jenis_kelamin: 'laki-laki'
[23-Sep-2025 19:26:41 UTC] Field status_hukum: 'Ahli'
[23-Sep-2025 19:26:41 UTC] Field tgl_pengajuan: '2025-09-21'
[23-Sep-2025 19:26:41 UTC] Field pihak_perwakilan: 'KELUARGA'
[23-Sep-2025 19:26:41 UTC] Field tindak_pidana: 'TPPU'
[23-Sep-2025 19:26:41 UTC] Field id_pegawai: '6'
[23-Sep-2025 19:26:41 UTC] Field kelengkapan_berkas: 'Berkas kurang'
[23-Sep-2025 19:26:41 UTC] Field media_pengajuan: 'MPP'
[23-Sep-2025 19:26:41 UTC] Field link_berkas_permohonan: 'https://limo.lpsk.go.id/apps/files/files'
[23-Sep-2025 19:26:41 UTC] Field kab_kot_locus: 'Banda Aceh'
[23-Sep-2025 19:26:41 UTC] Field provinsi: 'Aceh'
[23-Sep-2025 19:26:41 UTC] Field kab_kota_pemohon: 'Banda Aceh selatan'
[23-Sep-2025 19:26:41 UTC] Field provinsi_pemohon: 'Aceh'
[23-Sep-2025 19:26:41 UTC] Field tempat_permohonan: 'MEDAN'
[23-Sep-2025 19:26:41 UTC] Data to save: Array
(
    [no_reg_medan] => REG-MDN-2025-001
    [nama_pemohon] => ERIKSON
    [jenis_kelamin] => laki-laki
    [status_hukum] => Ahli
    [tgl_pengajuan] => 2025-09-21
    [pihak_perwakilan] => KELUARGA
    [tindak_pidana] => TPPU
    [id_pegawai] => 6
    [kelengkapan_berkas] => Berkas kurang
    [media_pengajuan] => MPP
    [link_berkas_permohonan] => https://limo.lpsk.go.id/apps/files/files
    [jenis_perlindungan] => 24,25,21,8,2,15,16
    [kab_kot_locus] => Banda Aceh
    [provinsi] => Aceh
    [kab_kota_pemohon] => Banda Aceh selatan
    [provinsi_pemohon] => Aceh
    [tempat_permohonan] => MEDAN
)

[23-Sep-2025 19:26:41 UTC] SQL: UPDATE permohonan SET no_reg_medan=?,nama_pemohon=?,jenis_kelamin=?,status_hukum=?,tgl_pengajuan=?,pihak_perwakilan=?,tindak_pidana=?,id_pegawai=?,kelengkapan_berkas=?,media_pengajuan=?,link_berkas_permohonan=?,jenis_perlindungan=?,kab_kot_locus=?,provinsi=?,kab_kota_pemohon=?,provinsi_pemohon=?,tempat_permohonan=? WHERE no_reg_medan=?
[23-Sep-2025 19:26:41 UTC] Params: Array
(
    [0] => REG-MDN-2025-001
    [1] => ERIKSON
    [2] => laki-laki
    [3] => Ahli
    [4] => 2025-09-21
    [5] => KELUARGA
    [6] => TPPU
    [7] => 6
    [8] => Berkas kurang
    [9] => MPP
    [10] => https://limo.lpsk.go.id/apps/files/files
    [11] => 24,25,21,8,2,15,16
    [12] => Banda Aceh
    [13] => Aceh
    [14] => Banda Aceh selatan
    [15] => Aceh
    [16] => MEDAN
    [17] => REG-MDN-2025-001
)

[23-Sep-2025 19:26:41 UTC] Final per page: 10
[23-Sep-2025 19:26:41 UTC] Per page value: 10
[23-Sep-2025 19:26:41 UTC] GET parameters: Array
(
    [t] => permohonan
)

[23-Sep-2025 19:26:41 UTC] Page: 1, Per Page: 10, Offset: 0
[23-Sep-2025 19:26:41 UTC] Executing SQL: SELECT permohonan.*, pegawai.nama_pegawai AS pegawai_nama_pegawai FROM permohonan LEFT JOIN pegawai ON permohonan.id_pegawai = pegawai.id_pegawai WHERE permohonan.no_reg_medan = ? LIMIT 1 with ID: REG-2026-017
[23-Sep-2025 19:26:41 UTC] Final processed data: {"jenis_perlindungan":""}
[23-Sep-2025 19:26:41 UTC] Processing jenis_perlindungan IDs: 25, 21
[23-Sep-2025 19:26:41 UTC] Executing SQL: SELECT kategori, sub_pilihan FROM jenis_perlindungan WHERE id IN (?,?) ORDER BY kategori, sub_pilihan
[23-Sep-2025 19:26:41 UTC] Query result: [{"kategori":"Bantuan","sub_pilihan":"Rehabilitasi Psikososial"},{"kategori":"Fasilitasi Ganti Rugi","sub_pilihan":"Restitusi"}]
[23-Sep-2025 19:26:41 UTC] Final result: ["Rehabilitasi Psikososial","Restitusi"]
[23-Sep-2025 19:27:01 UTC] Final per page: 10
[23-Sep-2025 19:27:01 UTC] Per page value: 10
[23-Sep-2025 19:27:01 UTC] GET parameters: Array
(
    [t] => permohonan
)

[23-Sep-2025 19:27:01 UTC] Page: 1, Per Page: 10, Offset: 0
[23-Sep-2025 19:27:02 UTC] Processing jenis_perlindungan IDs: 25, 21
[23-Sep-2025 19:27:02 UTC] Executing SQL: SELECT kategori, sub_pilihan FROM jenis_perlindungan WHERE id IN (?,?) ORDER BY kategori, sub_pilihan
[23-Sep-2025 19:27:02 UTC] Query result: [{"kategori":"Bantuan","sub_pilihan":"Rehabilitasi Psikososial"},{"kategori":"Fasilitasi Ganti Rugi","sub_pilihan":"Restitusi"}]
[23-Sep-2025 19:27:02 UTC] Final result: ["Rehabilitasi Psikososial","Restitusi"]
[23-Sep-2025 19:27:02 UTC] Executing SQL: SELECT permohonan.*, pegawai.nama_pegawai AS pegawai_nama_pegawai FROM permohonan LEFT JOIN pegawai ON permohonan.id_pegawai = pegawai.id_pegawai WHERE permohonan.no_reg_medan = ? LIMIT 1 with ID: REG-2026-017
[23-Sep-2025 19:27:02 UTC] Final processed data: {"jenis_perlindungan":""}
[23-Sep-2025 19:27:04 UTC] Executing SQL: SELECT permohonan.*, pegawai.nama_pegawai AS pegawai_nama_pegawai FROM permohonan LEFT JOIN pegawai ON permohonan.id_pegawai = pegawai.id_pegawai WHERE permohonan.no_reg_medan = ? LIMIT 1 with ID: 105/P.MDN-LPSK/11/2024
[23-Sep-2025 19:27:04 UTC] Final processed data: {"no_reg_medan":"105\/P.MDN-LPSK\/11\/2024","nama_pemohon":"Sepadan Sembiring","jenis_kelamin":"Laki-laki","status_hukum":"Korban","tgl_pengajuan":"2024-11-29","pihak_perwakilan":"DIRI SENDIRI","tindak_pidana":"TPL","id_pegawai":4,"kelengkapan_berkas":"ADA","media_pengajuan":"MPP","link_berkas_permohonan":null,"jenis_perlindungan":"","kab_kot_locus":"Kab_Deli Serdang","provinsi":"Sumatera Utara","kab_kota_pemohon":"Kab_Deli Serdang","provinsi_pemohon":"Sumatera Utara","tempat_permohonan":"MEDAN","created_at":"2025-09-16 14:40:56","updated_at":"2025-09-24 02:25:29","pegawai_nama_pegawai":"Fikri Anugrah, S.H.","nama_pegawai":"Fikri Anugrah, S.H."}
[23-Sep-2025 19:27:20 UTC] Field no_reg_medan: '105/P.MDN-LPSK/11/2024'
[23-Sep-2025 19:27:20 UTC] Field nama_pemohon: 'Sepadan Sembiring'
[23-Sep-2025 19:27:20 UTC] Field jenis_kelamin: 'laki-laki'
[23-Sep-2025 19:27:20 UTC] Field status_hukum: 'Korban'
[23-Sep-2025 19:27:20 UTC] Field tgl_pengajuan: '2024-11-29'
[23-Sep-2025 19:27:20 UTC] Field pihak_perwakilan: 'DIRI SENDIRI'
[23-Sep-2025 19:27:20 UTC] Field tindak_pidana: 'TPPU'
[23-Sep-2025 19:27:20 UTC] Field id_pegawai: '4'
[23-Sep-2025 19:27:20 UTC] Field kelengkapan_berkas: 'ADA'
[23-Sep-2025 19:27:20 UTC] Field media_pengajuan: 'MPP'
[23-Sep-2025 19:27:20 UTC] Field link_berkas_permohonan: ''
[23-Sep-2025 19:27:20 UTC] Field kab_kot_locus: 'Kab_Deli Serdang'
[23-Sep-2025 19:27:20 UTC] Field provinsi: 'Sumatera Utara'
[23-Sep-2025 19:27:20 UTC] Field kab_kota_pemohon: 'Kab_Deli Serdang'
[23-Sep-2025 19:27:20 UTC] Field provinsi_pemohon: 'Sumatera Utara'
[23-Sep-2025 19:27:20 UTC] Field tempat_permohonan: 'MEDAN'
[23-Sep-2025 19:27:20 UTC] Data to save: Array
(
    [no_reg_medan] => 105/P.MDN-LPSK/11/2024
    [nama_pemohon] => Sepadan Sembiring
    [jenis_kelamin] => laki-laki
    [status_hukum] => Korban
    [tgl_pengajuan] => 2024-11-29
    [pihak_perwakilan] => DIRI SENDIRI
    [tindak_pidana] => TPPU
    [id_pegawai] => 4
    [kelengkapan_berkas] => ADA
    [media_pengajuan] => MPP
    [link_berkas_permohonan] => 
    [jenis_perlindungan] => 
    [kab_kot_locus] => Kab_Deli Serdang
    [provinsi] => Sumatera Utara
    [kab_kota_pemohon] => Kab_Deli Serdang
    [provinsi_pemohon] => Sumatera Utara
    [tempat_permohonan] => MEDAN
)

[23-Sep-2025 19:27:20 UTC] SQL: UPDATE permohonan SET no_reg_medan=?,nama_pemohon=?,jenis_kelamin=?,status_hukum=?,tgl_pengajuan=?,pihak_perwakilan=?,tindak_pidana=?,id_pegawai=?,kelengkapan_berkas=?,media_pengajuan=?,link_berkas_permohonan=?,jenis_perlindungan=?,kab_kot_locus=?,provinsi=?,kab_kota_pemohon=?,provinsi_pemohon=?,tempat_permohonan=? WHERE no_reg_medan=?
[23-Sep-2025 19:27:20 UTC] Params: Array
(
    [0] => 105/P.MDN-LPSK/11/2024
    [1] => Sepadan Sembiring
    [2] => laki-laki
    [3] => Korban
    [4] => 2024-11-29
    [5] => DIRI SENDIRI
    [6] => TPPU
    [7] => 4
    [8] => ADA
    [9] => MPP
    [10] => 
    [11] => 
    [12] => Kab_Deli Serdang
    [13] => Sumatera Utara
    [14] => Kab_Deli Serdang
    [15] => Sumatera Utara
    [16] => MEDAN
    [17] => 105/P.MDN-LPSK/11/2024
)

[23-Sep-2025 19:27:20 UTC] Final per page: 10
[23-Sep-2025 19:27:20 UTC] Per page value: 10
[23-Sep-2025 19:27:20 UTC] GET parameters: Array
(
    [t] => permohonan
)

[23-Sep-2025 19:27:20 UTC] Page: 1, Per Page: 10, Offset: 0
[23-Sep-2025 19:27:20 UTC] Processing jenis_perlindungan IDs: 25, 21
[23-Sep-2025 19:27:20 UTC] Executing SQL: SELECT kategori, sub_pilihan FROM jenis_perlindungan WHERE id IN (?,?) ORDER BY kategori, sub_pilihan
[23-Sep-2025 19:27:20 UTC] Query result: [{"kategori":"Bantuan","sub_pilihan":"Rehabilitasi Psikososial"},{"kategori":"Fasilitasi Ganti Rugi","sub_pilihan":"Restitusi"}]
[23-Sep-2025 19:27:20 UTC] Final result: ["Rehabilitasi Psikososial","Restitusi"]
[23-Sep-2025 19:27:20 UTC] Executing SQL: SELECT permohonan.*, pegawai.nama_pegawai AS pegawai_nama_pegawai FROM permohonan LEFT JOIN pegawai ON permohonan.id_pegawai = pegawai.id_pegawai WHERE permohonan.no_reg_medan = ? LIMIT 1 with ID: REG-2026-017
[23-Sep-2025 19:27:20 UTC] Final processed data: {"jenis_perlindungan":""}
[23-Sep-2025 19:27:32 UTC] Final per page: 10
[23-Sep-2025 19:27:32 UTC] Per page value: 10
[23-Sep-2025 19:27:32 UTC] GET parameters: Array
(
    [t] => permohonan
)

[23-Sep-2025 19:27:32 UTC] Page: 1, Per Page: 10, Offset: 0
[23-Sep-2025 19:27:32 UTC] Executing SQL: SELECT permohonan.*, pegawai.nama_pegawai AS pegawai_nama_pegawai FROM permohonan LEFT JOIN pegawai ON permohonan.id_pegawai = pegawai.id_pegawai WHERE permohonan.no_reg_medan = ? LIMIT 1 with ID: REG-2026-017
[23-Sep-2025 19:27:32 UTC] Final processed data: {"jenis_perlindungan":""}
[23-Sep-2025 19:27:32 UTC] Processing jenis_perlindungan IDs: 25, 21
[23-Sep-2025 19:27:32 UTC] Executing SQL: SELECT kategori, sub_pilihan FROM jenis_perlindungan WHERE id IN (?,?) ORDER BY kategori, sub_pilihan
[23-Sep-2025 19:27:32 UTC] Query result: [{"kategori":"Bantuan","sub_pilihan":"Rehabilitasi Psikososial"},{"kategori":"Fasilitasi Ganti Rugi","sub_pilihan":"Restitusi"}]
[23-Sep-2025 19:27:32 UTC] Final result: ["Rehabilitasi Psikososial","Restitusi"]
[23-Sep-2025 19:27:50 UTC] Final per page: 10
[23-Sep-2025 19:27:50 UTC] Per page value: 10
[23-Sep-2025 19:27:50 UTC] GET parameters: Array
(
    [t] => permohonan
)

[23-Sep-2025 19:27:50 UTC] Page: 1, Per Page: 10, Offset: 0
[23-Sep-2025 19:27:50 UTC] Executing SQL: SELECT permohonan.*, pegawai.nama_pegawai AS pegawai_nama_pegawai FROM permohonan LEFT JOIN pegawai ON permohonan.id_pegawai = pegawai.id_pegawai WHERE permohonan.no_reg_medan = ? LIMIT 1 with ID: REG-2026-017
[23-Sep-2025 19:27:50 UTC] Final processed data: {"jenis_perlindungan":""}
[23-Sep-2025 19:27:50 UTC] Processing jenis_perlindungan IDs: 25, 21
[23-Sep-2025 19:27:50 UTC] Executing SQL: SELECT kategori, sub_pilihan FROM jenis_perlindungan WHERE id IN (?,?) ORDER BY kategori, sub_pilihan
[23-Sep-2025 19:27:50 UTC] Query result: [{"kategori":"Bantuan","sub_pilihan":"Rehabilitasi Psikososial"},{"kategori":"Fasilitasi Ganti Rugi","sub_pilihan":"Restitusi"}]
[23-Sep-2025 19:27:50 UTC] Final result: ["Rehabilitasi Psikososial","Restitusi"]
[23-Sep-2025 19:27:58 UTC] Executing SQL: SELECT permohonan.*, pegawai.nama_pegawai AS pegawai_nama_pegawai FROM permohonan LEFT JOIN pegawai ON permohonan.id_pegawai = pegawai.id_pegawai WHERE permohonan.no_reg_medan = ? LIMIT 1 with ID: 105/P.MDN-LPSK/11/2024
[23-Sep-2025 19:27:58 UTC] Final processed data: {"no_reg_medan":"105\/P.MDN-LPSK\/11\/2024","nama_pemohon":"Sepadan Sembiring","jenis_kelamin":"Laki-laki","status_hukum":"Korban","tgl_pengajuan":"2024-11-29","pihak_perwakilan":"DIRI SENDIRI","tindak_pidana":"TPPU","id_pegawai":4,"kelengkapan_berkas":"ADA","media_pengajuan":"MPP","link_berkas_permohonan":null,"jenis_perlindungan":"","kab_kot_locus":"Kab_Deli Serdang","provinsi":"Sumatera Utara","kab_kota_pemohon":"Kab_Deli Serdang","provinsi_pemohon":"Sumatera Utara","tempat_permohonan":"MEDAN","created_at":"2025-09-16 14:40:56","updated_at":"2025-09-24 02:27:20","pegawai_nama_pegawai":"Fikri Anugrah, S.H.","nama_pegawai":"Fikri Anugrah, S.H."}
[23-Sep-2025 19:28:08 UTC] Field no_reg_medan: '105/P.MDN-LPSK/11/2024'
[23-Sep-2025 19:28:08 UTC] Field nama_pemohon: 'Sepadan Sembiring'
[23-Sep-2025 19:28:08 UTC] Field jenis_kelamin: 'laki-laki'
[23-Sep-2025 19:28:08 UTC] Field status_hukum: 'Korban'
[23-Sep-2025 19:28:08 UTC] Field tgl_pengajuan: '2024-11-29'
[23-Sep-2025 19:28:08 UTC] Field pihak_perwakilan: 'DIRI SENDIRI'
[23-Sep-2025 19:28:08 UTC] Field tindak_pidana: 'TPPU'
[23-Sep-2025 19:28:08 UTC] Field id_pegawai: '4'
[23-Sep-2025 19:28:08 UTC] Field kelengkapan_berkas: 'ADA'
[23-Sep-2025 19:28:08 UTC] Field media_pengajuan: 'MPP'
[23-Sep-2025 19:28:08 UTC] Field link_berkas_permohonan: ''
[23-Sep-2025 19:28:08 UTC] Field kab_kot_locus: 'Kab_Deli Serdang'
[23-Sep-2025 19:28:08 UTC] Field provinsi: 'Sumatera Utara'
[23-Sep-2025 19:28:08 UTC] Field kab_kota_pemohon: 'Kab_Deli Serdang'
[23-Sep-2025 19:28:08 UTC] Field provinsi_pemohon: 'Sumatera Utara'
[23-Sep-2025 19:28:08 UTC] Field tempat_permohonan: 'MEDAN'
[23-Sep-2025 19:28:08 UTC] Data to save: Array
(
    [no_reg_medan] => 105/P.MDN-LPSK/11/2024
    [nama_pemohon] => Sepadan Sembiring
    [jenis_kelamin] => laki-laki
    [status_hukum] => Korban
    [tgl_pengajuan] => 2024-11-29
    [pihak_perwakilan] => DIRI SENDIRI
    [tindak_pidana] => TPPU
    [id_pegawai] => 4
    [kelengkapan_berkas] => ADA
    [media_pengajuan] => MPP
    [link_berkas_permohonan] => 
    [jenis_perlindungan] => 20,21
    [kab_kot_locus] => Kab_Deli Serdang
    [provinsi] => Sumatera Utara
    [kab_kota_pemohon] => Kab_Deli Serdang
    [provinsi_pemohon] => Sumatera Utara
    [tempat_permohonan] => MEDAN
)

[23-Sep-2025 19:28:08 UTC] SQL: UPDATE permohonan SET no_reg_medan=?,nama_pemohon=?,jenis_kelamin=?,status_hukum=?,tgl_pengajuan=?,pihak_perwakilan=?,tindak_pidana=?,id_pegawai=?,kelengkapan_berkas=?,media_pengajuan=?,link_berkas_permohonan=?,jenis_perlindungan=?,kab_kot_locus=?,provinsi=?,kab_kota_pemohon=?,provinsi_pemohon=?,tempat_permohonan=? WHERE no_reg_medan=?
[23-Sep-2025 19:28:08 UTC] Params: Array
(
    [0] => 105/P.MDN-LPSK/11/2024
    [1] => Sepadan Sembiring
    [2] => laki-laki
    [3] => Korban
    [4] => 2024-11-29
    [5] => DIRI SENDIRI
    [6] => TPPU
    [7] => 4
    [8] => ADA
    [9] => MPP
    [10] => 
    [11] => 20,21
    [12] => Kab_Deli Serdang
    [13] => Sumatera Utara
    [14] => Kab_Deli Serdang
    [15] => Sumatera Utara
    [16] => MEDAN
    [17] => 105/P.MDN-LPSK/11/2024
)

[23-Sep-2025 19:28:08 UTC] Final per page: 10
[23-Sep-2025 19:28:08 UTC] Per page value: 10
[23-Sep-2025 19:28:08 UTC] GET parameters: Array
(
    [t] => permohonan
)

[23-Sep-2025 19:28:08 UTC] Page: 1, Per Page: 10, Offset: 0
[23-Sep-2025 19:28:08 UTC] Processing jenis_perlindungan IDs: 25, 21
[23-Sep-2025 19:28:08 UTC] Executing SQL: SELECT kategori, sub_pilihan FROM jenis_perlindungan WHERE id IN (?,?) ORDER BY kategori, sub_pilihan
[23-Sep-2025 19:28:08 UTC] Query result: [{"kategori":"Bantuan","sub_pilihan":"Rehabilitasi Psikososial"},{"kategori":"Fasilitasi Ganti Rugi","sub_pilihan":"Restitusi"}]
[23-Sep-2025 19:28:08 UTC] Final result: ["Rehabilitasi Psikososial","Restitusi"]
[23-Sep-2025 19:28:08 UTC] Executing SQL: SELECT permohonan.*, pegawai.nama_pegawai AS pegawai_nama_pegawai FROM permohonan LEFT JOIN pegawai ON permohonan.id_pegawai = pegawai.id_pegawai WHERE permohonan.no_reg_medan = ? LIMIT 1 with ID: REG-2026-017
[23-Sep-2025 19:28:08 UTC] Final processed data: {"jenis_perlindungan":""}
[23-Sep-2025 19:28:25 UTC] Final per page: 10
[23-Sep-2025 19:28:25 UTC] Per page value: 10
[23-Sep-2025 19:28:25 UTC] GET parameters: Array
(
    [t] => permohonan
)

[23-Sep-2025 19:28:25 UTC] Page: 1, Per Page: 10, Offset: 0
[23-Sep-2025 19:28:25 UTC] Executing SQL: SELECT permohonan.*, pegawai.nama_pegawai AS pegawai_nama_pegawai FROM permohonan LEFT JOIN pegawai ON permohonan.id_pegawai = pegawai.id_pegawai WHERE permohonan.no_reg_medan = ? LIMIT 1 with ID: REG-2026-017
[23-Sep-2025 19:28:25 UTC] Final processed data: {"jenis_perlindungan":""}
[23-Sep-2025 19:28:25 UTC] Processing jenis_perlindungan IDs: 25, 21
[23-Sep-2025 19:28:25 UTC] Executing SQL: SELECT kategori, sub_pilihan FROM jenis_perlindungan WHERE id IN (?,?) ORDER BY kategori, sub_pilihan
[23-Sep-2025 19:28:25 UTC] Query result: [{"kategori":"Bantuan","sub_pilihan":"Rehabilitasi Psikososial"},{"kategori":"Fasilitasi Ganti Rugi","sub_pilihan":"Restitusi"}]
[23-Sep-2025 19:28:25 UTC] Final result: ["Rehabilitasi Psikososial","Restitusi"]
[23-Sep-2025 19:29:21 UTC] Final per page: 10
[23-Sep-2025 19:29:21 UTC] Per page value: 10
[23-Sep-2025 19:29:21 UTC] GET parameters: Array
(
    [t] => permohonan
)

[23-Sep-2025 19:29:21 UTC] Page: 1, Per Page: 10, Offset: 0
[23-Sep-2025 19:29:21 UTC] Processing jenis_perlindungan IDs: 25, 21
[23-Sep-2025 19:29:21 UTC] Executing SQL: SELECT kategori, sub_pilihan FROM jenis_perlindungan WHERE id IN (?,?) ORDER BY kategori, sub_pilihan
[23-Sep-2025 19:29:21 UTC] Query result: [{"kategori":"Bantuan","sub_pilihan":"Rehabilitasi Psikososial"},{"kategori":"Fasilitasi Ganti Rugi","sub_pilihan":"Restitusi"}]
[23-Sep-2025 19:29:21 UTC] Final result: ["Rehabilitasi Psikososial","Restitusi"]
[23-Sep-2025 19:29:21 UTC] Executing SQL: SELECT permohonan.*, pegawai.nama_pegawai AS pegawai_nama_pegawai FROM permohonan LEFT JOIN pegawai ON permohonan.id_pegawai = pegawai.id_pegawai WHERE permohonan.no_reg_medan = ? LIMIT 1 with ID: REG-2026-017
[23-Sep-2025 19:29:21 UTC] Final processed data: {"jenis_perlindungan":""}
[23-Sep-2025 19:35:49 UTC] Final per page: 10
[23-Sep-2025 19:35:49 UTC] Per page value: 10
[23-Sep-2025 19:35:49 UTC] GET parameters: Array
(
    [t] => layanan
)

[23-Sep-2025 19:35:49 UTC] Page: 1, Per Page: 10, Offset: 0
[23-Sep-2025 19:35:49 UTC] Executing SQL: SELECT layanan.*, pegawai.nama_pegawai AS pegawai_nama_pegawai, permohonan.status_hukum AS permohonan_status_hukum, permohonan.kab_kota_pemohon AS permohonan_kab_kota_pemohon, permohonan.provinsi_pemohon AS permohonan_provinsi_pemohon FROM layanan LEFT JOIN pegawai ON layanan.id_pegawai = pegawai.id_pegawai LEFT JOIN permohonan ON layanan.no_reg_medan = permohonan.no_reg_medan LEFT JOIN penelaahan ON layanan.no_registrasi = penelaahan.no_registrasi WHERE layanan.no_kep_smpl = ? LIMIT 1 with ID: REG-2026-017
[23-Sep-2025 19:35:49 UTC] Final processed data: {"jenis_perlindungan":""}
[23-Sep-2025 19:35:49 UTC] Processing jenis_perlindungan IDs: 25, 21
[23-Sep-2025 19:35:49 UTC] Executing SQL: SELECT kategori, sub_pilihan FROM jenis_perlindungan WHERE id IN (?,?) ORDER BY kategori, sub_pilihan
[23-Sep-2025 19:35:49 UTC] Query result: [{"kategori":"Bantuan","sub_pilihan":"Rehabilitasi Psikososial"},{"kategori":"Fasilitasi Ganti Rugi","sub_pilihan":"Restitusi"}]
[23-Sep-2025 19:35:49 UTC] Final result: ["Rehabilitasi Psikososial","Restitusi"]
[23-Sep-2025 19:35:55 UTC] Final per page: 10
[23-Sep-2025 19:35:55 UTC] Per page value: 10
[23-Sep-2025 19:35:55 UTC] GET parameters: Array
(
    [t] => penelaahan
)

[23-Sep-2025 19:35:55 UTC] Page: 1, Per Page: 10, Offset: 0
[23-Sep-2025 19:35:55 UTC] Processing jenis_perlindungan IDs: 25, 21
[23-Sep-2025 19:35:55 UTC] Executing SQL: SELECT kategori, sub_pilihan FROM jenis_perlindungan WHERE id IN (?,?) ORDER BY kategori, sub_pilihan
[23-Sep-2025 19:35:55 UTC] Query result: [{"kategori":"Bantuan","sub_pilihan":"Rehabilitasi Psikososial"},{"kategori":"Fasilitasi Ganti Rugi","sub_pilihan":"Restitusi"}]
[23-Sep-2025 19:35:55 UTC] Final result: ["Rehabilitasi Psikososial","Restitusi"]
[23-Sep-2025 19:35:55 UTC] Executing SQL: SELECT penelaahan.*, pegawai.nama_pegawai AS pegawai_nama_pegawai, permohonan.nama_pemohon AS permohonan_nama_pemohon, permohonan.jenis_kelamin AS permohonan_jenis_kelamin, permohonan.kab_kota_pemohon AS permohonan_kab_kota_pemohon, permohonan.provinsi_pemohon AS permohonan_provinsi_pemohon, permohonan.tindak_pidana AS permohonan_tindak_pidana, permohonan.status_hukum AS permohonan_status_hukum, permohonan.kab_kot_locus AS permohonan_kab_kot_locus, permohonan.jenis_perlindungan AS permohonan_jenis_perlindungan FROM penelaahan LEFT JOIN pegawai ON penelaahan.id_pegawai = pegawai.id_pegawai LEFT JOIN permohonan ON penelaahan.no_reg_medan = permohonan.no_reg_medan WHERE penelaahan.no_registrasi = ? LIMIT 1 with ID: REG-2026-017
[23-Sep-2025 19:35:55 UTC] Final processed data: false
[23-Sep-2025 19:36:09 UTC] Final per page: 10
[23-Sep-2025 19:36:09 UTC] Per page value: 10
[23-Sep-2025 19:36:09 UTC] GET parameters: Array
(
    [t] => permohonan
)

[23-Sep-2025 19:36:09 UTC] Page: 1, Per Page: 10, Offset: 0
[23-Sep-2025 19:36:09 UTC] Executing SQL: SELECT permohonan.*, pegawai.nama_pegawai AS pegawai_nama_pegawai FROM permohonan LEFT JOIN pegawai ON permohonan.id_pegawai = pegawai.id_pegawai WHERE permohonan.no_reg_medan = ? LIMIT 1 with ID: REG-2026-017
[23-Sep-2025 19:36:09 UTC] Final processed data: {"jenis_perlindungan":""}
[23-Sep-2025 19:36:09 UTC] Processing jenis_perlindungan IDs: 25, 21
[23-Sep-2025 19:36:09 UTC] Executing SQL: SELECT kategori, sub_pilihan FROM jenis_perlindungan WHERE id IN (?,?) ORDER BY kategori, sub_pilihan
[23-Sep-2025 19:36:09 UTC] Query result: [{"kategori":"Bantuan","sub_pilihan":"Rehabilitasi Psikososial"},{"kategori":"Fasilitasi Ganti Rugi","sub_pilihan":"Restitusi"}]
[23-Sep-2025 19:36:09 UTC] Final result: ["Rehabilitasi Psikososial","Restitusi"]
[23-Sep-2025 19:48:45 UTC] Final per page: 10
[23-Sep-2025 19:48:45 UTC] Per page value: 10
[23-Sep-2025 19:48:45 UTC] GET parameters: Array
(
    [t] => permohonan
)

[23-Sep-2025 19:48:45 UTC] Page: 1, Per Page: 10, Offset: 0
[23-Sep-2025 19:48:45 UTC] Executing SQL: SELECT permohonan.*, pegawai.nama_pegawai AS pegawai_nama_pegawai FROM permohonan LEFT JOIN pegawai ON permohonan.id_pegawai = pegawai.id_pegawai WHERE permohonan.no_reg_medan = ? LIMIT 1 with ID: REG-2026-017
[23-Sep-2025 19:48:45 UTC] Final processed data: {"jenis_perlindungan":""}
[23-Sep-2025 19:48:45 UTC] Processing jenis_perlindungan IDs: 25, 21
[23-Sep-2025 19:48:45 UTC] Executing SQL: SELECT kategori, sub_pilihan FROM jenis_perlindungan WHERE id IN (?,?) ORDER BY kategori, sub_pilihan
[23-Sep-2025 19:48:45 UTC] Query result: [{"kategori":"Bantuan","sub_pilihan":"Rehabilitasi Psikososial"},{"kategori":"Fasilitasi Ganti Rugi","sub_pilihan":"Restitusi"}]
[23-Sep-2025 19:48:45 UTC] Final result: ["Rehabilitasi Psikososial","Restitusi"]
[23-Sep-2025 19:48:49 UTC] Executing SQL: SELECT permohonan.*, pegawai.nama_pegawai AS pegawai_nama_pegawai FROM permohonan LEFT JOIN pegawai ON permohonan.id_pegawai = pegawai.id_pegawai WHERE permohonan.no_reg_medan = ? LIMIT 1 with ID: REG-MDN-2025-001
[23-Sep-2025 19:48:49 UTC] Final processed data: {"no_reg_medan":"REG-MDN-2025-001","nama_pemohon":"ERIKSON","jenis_kelamin":"Laki-laki","status_hukum":"Ahli","tgl_pengajuan":"2025-09-21","pihak_perwakilan":"KELUARGA","tindak_pidana":"TPPU","id_pegawai":6,"kelengkapan_berkas":"Berkas kurang","media_pengajuan":"MPP","link_berkas_permohonan":"https:\/\/limo.lpsk.go.id\/apps\/files\/files","jenis_perlindungan":"24,25,21,8,2,15,16","kab_kot_locus":"Banda Aceh","provinsi":"Aceh","kab_kota_pemohon":"Banda Aceh selatan","provinsi_pemohon":"Aceh","tempat_permohonan":"MEDAN","created_at":"2025-09-21 23:30:16","updated_at":"2025-09-24 02:26:41","pegawai_nama_pegawai":"Viviani Octaria Parhusip, S.IP","nama_pegawai":"Viviani Octaria Parhusip, S.IP"}
[23-Sep-2025 19:48:56 UTC] Field no_reg_medan: 'REG-MDN-2025-001'
[23-Sep-2025 19:48:56 UTC] Field nama_pemohon: 'ERIKSON'
[23-Sep-2025 19:48:56 UTC] Field jenis_kelamin: 'laki-laki'
[23-Sep-2025 19:48:56 UTC] Field status_hukum: 'Anak Korban'
[23-Sep-2025 19:48:56 UTC] Field tgl_pengajuan: '2025-09-21'
[23-Sep-2025 19:48:56 UTC] Field pihak_perwakilan: 'KELUARGA'
[23-Sep-2025 19:48:56 UTC] Field tindak_pidana: 'TPPU'
[23-Sep-2025 19:48:56 UTC] Field id_pegawai: '6'
[23-Sep-2025 19:48:56 UTC] Field kelengkapan_berkas: 'Berkas kurang'
[23-Sep-2025 19:48:56 UTC] Field media_pengajuan: 'MPP'
[23-Sep-2025 19:48:56 UTC] Field link_berkas_permohonan: 'https://limo.lpsk.go.id/apps/files/files'
[23-Sep-2025 19:48:56 UTC] Field kab_kot_locus: 'Banda Aceh'
[23-Sep-2025 19:48:56 UTC] Field provinsi: 'Aceh'
[23-Sep-2025 19:48:56 UTC] Field kab_kota_pemohon: 'Banda Aceh selatan'
[23-Sep-2025 19:48:56 UTC] Field provinsi_pemohon: 'Aceh'
[23-Sep-2025 19:48:56 UTC] Field tempat_permohonan: 'MEDAN'
[23-Sep-2025 19:48:56 UTC] Data to save: Array
(
    [no_reg_medan] => REG-MDN-2025-001
    [nama_pemohon] => ERIKSON
    [jenis_kelamin] => laki-laki
    [status_hukum] => Anak Korban
    [tgl_pengajuan] => 2025-09-21
    [pihak_perwakilan] => KELUARGA
    [tindak_pidana] => TPPU
    [id_pegawai] => 6
    [kelengkapan_berkas] => Berkas kurang
    [media_pengajuan] => MPP
    [link_berkas_permohonan] => https://limo.lpsk.go.id/apps/files/files
    [jenis_perlindungan] => 24,25,21,8,2,15,16
    [kab_kot_locus] => Banda Aceh
    [provinsi] => Aceh
    [kab_kota_pemohon] => Banda Aceh selatan
    [provinsi_pemohon] => Aceh
    [tempat_permohonan] => MEDAN
)

[23-Sep-2025 19:48:56 UTC] SQL: UPDATE permohonan SET no_reg_medan=?,nama_pemohon=?,jenis_kelamin=?,status_hukum=?,tgl_pengajuan=?,pihak_perwakilan=?,tindak_pidana=?,id_pegawai=?,kelengkapan_berkas=?,media_pengajuan=?,link_berkas_permohonan=?,jenis_perlindungan=?,kab_kot_locus=?,provinsi=?,kab_kota_pemohon=?,provinsi_pemohon=?,tempat_permohonan=? WHERE no_reg_medan=?
[23-Sep-2025 19:48:56 UTC] Params: Array
(
    [0] => REG-MDN-2025-001
    [1] => ERIKSON
    [2] => laki-laki
    [3] => Anak Korban
    [4] => 2025-09-21
    [5] => KELUARGA
    [6] => TPPU
    [7] => 6
    [8] => Berkas kurang
    [9] => MPP
    [10] => https://limo.lpsk.go.id/apps/files/files
    [11] => 24,25,21,8,2,15,16
    [12] => Banda Aceh
    [13] => Aceh
    [14] => Banda Aceh selatan
    [15] => Aceh
    [16] => MEDAN
    [17] => REG-MDN-2025-001
)

[23-Sep-2025 19:48:56 UTC] Final per page: 10
[23-Sep-2025 19:48:56 UTC] Per page value: 10
[23-Sep-2025 19:48:56 UTC] GET parameters: Array
(
    [t] => permohonan
)

[23-Sep-2025 19:48:56 UTC] Page: 1, Per Page: 10, Offset: 0
[23-Sep-2025 19:48:56 UTC] Processing jenis_perlindungan IDs: 25, 21
[23-Sep-2025 19:48:56 UTC] Executing SQL: SELECT kategori, sub_pilihan FROM jenis_perlindungan WHERE id IN (?,?) ORDER BY kategori, sub_pilihan
[23-Sep-2025 19:48:56 UTC] Query result: [{"kategori":"Bantuan","sub_pilihan":"Rehabilitasi Psikososial"},{"kategori":"Fasilitasi Ganti Rugi","sub_pilihan":"Restitusi"}]
[23-Sep-2025 19:48:56 UTC] Final result: ["Rehabilitasi Psikososial","Restitusi"]
[23-Sep-2025 19:48:56 UTC] Executing SQL: SELECT permohonan.*, pegawai.nama_pegawai AS pegawai_nama_pegawai FROM permohonan LEFT JOIN pegawai ON permohonan.id_pegawai = pegawai.id_pegawai WHERE permohonan.no_reg_medan = ? LIMIT 1 with ID: REG-2026-017
[23-Sep-2025 19:48:56 UTC] Final processed data: {"jenis_perlindungan":""}
[26-Sep-2025 20:05:49 UTC] Final per page: 10
[26-Sep-2025 20:05:49 UTC] Per page value: 10
[26-Sep-2025 20:05:49 UTC] GET parameters: Array
(
    [t] => permohonan
)

[26-Sep-2025 20:05:49 UTC] Page: 1, Per Page: 10, Offset: 0
[26-Sep-2025 20:05:49 UTC] Executing SQL: SELECT permohonan.*, pegawai.nama_pegawai AS pegawai_nama_pegawai FROM permohonan LEFT JOIN pegawai ON permohonan.id_pegawai = pegawai.id_pegawai WHERE permohonan.no_reg_medan = ? LIMIT 1 with ID: REG-2026-017
[26-Sep-2025 20:05:49 UTC] Final processed data: {"jenis_perlindungan":""}
[26-Sep-2025 20:05:50 UTC] Processing jenis_perlindungan IDs: 25, 21
[26-Sep-2025 20:05:50 UTC] Executing SQL: SELECT kategori, sub_pilihan FROM jenis_perlindungan WHERE id IN (?,?) ORDER BY kategori, sub_pilihan
[26-Sep-2025 20:05:50 UTC] Query result: [{"kategori":"Bantuan","sub_pilihan":"Rehabilitasi Psikososial"},{"kategori":"Fasilitasi Ganti Rugi","sub_pilihan":"Restitusi"}]
[26-Sep-2025 20:05:50 UTC] Final result: ["Rehabilitasi Psikososial","Restitusi"]
[26-Sep-2025 20:05:52 UTC] Executing SQL: SELECT permohonan.*, pegawai.nama_pegawai AS pegawai_nama_pegawai FROM permohonan LEFT JOIN pegawai ON permohonan.id_pegawai = pegawai.id_pegawai WHERE permohonan.no_reg_medan = ? LIMIT 1 with ID: REG-MDN-2025-001
[26-Sep-2025 20:05:52 UTC] Final processed data: {"no_reg_medan":"REG-MDN-2025-001","nama_pemohon":"ERIKSON","jenis_kelamin":"Laki-laki","status_hukum":"Anak Korban","tgl_pengajuan":"2025-09-21","pihak_perwakilan":"KELUARGA","tindak_pidana":"TPPU","id_pegawai":6,"kelengkapan_berkas":"Berkas kurang","media_pengajuan":"MPP","link_berkas_permohonan":"https:\/\/limo.lpsk.go.id\/apps\/files\/files","jenis_perlindungan":"24,25,21,8,2,15,16","kab_kot_locus":"Banda Aceh","provinsi":"Aceh","kab_kota_pemohon":"Banda Aceh selatan","provinsi_pemohon":"Aceh","tempat_permohonan":"MEDAN","created_at":"2025-09-21 23:30:16","updated_at":"2025-09-24 02:48:56","pegawai_nama_pegawai":"Viviani Octaria Parhusip, S.IP","nama_pegawai":"Viviani Octaria Parhusip, S.IP"}
[26-Sep-2025 20:05:52 UTC] Processing jenis_perlindungan IDs: 24, 25, 21, 8, 2, 15, 16
[26-Sep-2025 20:05:52 UTC] Executing SQL: SELECT kategori, sub_pilihan FROM jenis_perlindungan WHERE id IN (?,?,?,?,?,?,?) ORDER BY kategori, sub_pilihan
[26-Sep-2025 20:05:52 UTC] Query result: [{"kategori":"Bantuan","sub_pilihan":"Psikologis"},{"kategori":"Bantuan","sub_pilihan":"Rehabilitasi Psikososial"},{"kategori":"Fasilitasi Ganti Rugi","sub_pilihan":"Restitusi"},{"kategori":"Pemenuhan Hak Prosedural","sub_pilihan":"Pendampingan"},{"kategori":"Perlindungan Fisik","sub_pilihan":"Pengamanan Melekat"},{"kategori":"Perlindungan Hukum","sub_pilihan":"Penundaan Tuntutan Hukum"},{"kategori":"Perlindungan Hukum","sub_pilihan":"Tidak Dapat Dituntut Secara Hukum"}]
[26-Sep-2025 20:05:52 UTC] Final result: ["Psikologis","Rehabilitasi Psikososial","Restitusi","Pendampingan","Pengamanan Melekat","Penundaan Tuntutan Hukum","Tidak Dapat Dituntut Secara Hukum"]
[26-Sep-2025 20:26:02 UTC] API Stats Error: SQLSTATE[HY000] [2002] No connection could be made because the target machine actively refused it
[27-Sep-2025 08:33:03 UTC] Final per page: 10
[27-Sep-2025 08:33:03 UTC] Per page value: 10
[27-Sep-2025 08:33:03 UTC] GET parameters: Array
(
    [t] => permohonan
)

[27-Sep-2025 08:33:03 UTC] Page: 1, Per Page: 10, Offset: 0
[27-Sep-2025 08:33:03 UTC] Executing SQL: SELECT permohonan.*, pegawai.nama_pegawai AS pegawai_nama_pegawai FROM permohonan LEFT JOIN pegawai ON permohonan.id_pegawai = pegawai.id_pegawai WHERE permohonan.no_reg_medan = ? LIMIT 1 with ID: REG-2026-017
[27-Sep-2025 08:33:03 UTC] Final processed data: {"jenis_perlindungan":""}
[27-Sep-2025 08:33:04 UTC] Processing jenis_perlindungan IDs: 25, 21
[27-Sep-2025 08:33:04 UTC] Executing SQL: SELECT kategori, sub_pilihan FROM jenis_perlindungan WHERE id IN (?,?) ORDER BY kategori, sub_pilihan
[27-Sep-2025 08:33:04 UTC] Query result: [{"kategori":"Bantuan","sub_pilihan":"Rehabilitasi Psikososial"},{"kategori":"Fasilitasi Ganti Rugi","sub_pilihan":"Restitusi"}]
[27-Sep-2025 08:33:04 UTC] Final result: ["Rehabilitasi Psikososial","Restitusi"]
[27-Sep-2025 08:34:51 UTC] Final per page: 10
[27-Sep-2025 08:34:51 UTC] Per page value: 10
[27-Sep-2025 08:34:51 UTC] GET parameters: Array
(
    [t] => permohonan
)

[27-Sep-2025 08:34:51 UTC] Page: 1, Per Page: 10, Offset: 0
[27-Sep-2025 08:34:51 UTC] Executing SQL: SELECT permohonan.*, pegawai.nama_pegawai AS pegawai_nama_pegawai FROM permohonan LEFT JOIN pegawai ON permohonan.id_pegawai = pegawai.id_pegawai WHERE permohonan.no_reg_medan = ? LIMIT 1 with ID: REG-2026-017
[27-Sep-2025 08:34:51 UTC] Final processed data: {"jenis_perlindungan":""}
[27-Sep-2025 08:34:52 UTC] Processing jenis_perlindungan IDs: 25, 21
[27-Sep-2025 08:34:52 UTC] Executing SQL: SELECT kategori, sub_pilihan FROM jenis_perlindungan WHERE id IN (?,?) ORDER BY kategori, sub_pilihan
[27-Sep-2025 08:34:52 UTC] Query result: [{"kategori":"Bantuan","sub_pilihan":"Rehabilitasi Psikososial"},{"kategori":"Fasilitasi Ganti Rugi","sub_pilihan":"Restitusi"}]
[27-Sep-2025 08:34:52 UTC] Final result: ["Rehabilitasi Psikososial","Restitusi"]
[27-Sep-2025 08:35:08 UTC] Spout Export Query: SELECT permohonan.*, pegawai.nama_pegawai AS pegawai_nama_pegawai, GROUP_CONCAT(jp.sub_pilihan SEPARATOR ', ') AS jenis_perlindungan_names FROM permohonan LEFT JOIN pegawai ON permohonan.id_pegawai = pegawai.id_pegawai LEFT JOIN permohonan_perlindungan pp ON permohonan.no_reg_medan = pp.no_reg_medan LEFT JOIN jenis_perlindungan jp ON pp.id_perlindungan = jp.id   GROUP BY permohonan.no_reg_medan ORDER BY tgl_pengajuan DESC
[27-Sep-2025 08:35:08 UTC] Spout Export Params: Array
(
)

[27-Sep-2025 20:11:04 UTC] Final per page: 10
[27-Sep-2025 20:11:04 UTC] Per page value: 10
[27-Sep-2025 20:11:04 UTC] GET parameters: Array
(
    [t] => permohonan
)

[27-Sep-2025 20:11:04 UTC] Page: 1, Per Page: 10, Offset: 0
[27-Sep-2025 20:11:04 UTC] Processing jenis_perlindungan IDs: 25, 21
[27-Sep-2025 20:11:04 UTC] Executing SQL: SELECT kategori, sub_pilihan FROM jenis_perlindungan WHERE id IN (?,?) ORDER BY kategori, sub_pilihan
[27-Sep-2025 20:11:04 UTC] Query result: [{"kategori":"Bantuan","sub_pilihan":"Rehabilitasi Psikososial"},{"kategori":"Fasilitasi Ganti Rugi","sub_pilihan":"Restitusi"}]
[27-Sep-2025 20:11:04 UTC] Final result: ["Rehabilitasi Psikososial","Restitusi"]
[27-Sep-2025 20:11:05 UTC] Executing SQL: SELECT permohonan.*, pegawai.nama_pegawai AS pegawai_nama_pegawai FROM permohonan LEFT JOIN pegawai ON permohonan.id_pegawai = pegawai.id_pegawai WHERE permohonan.no_reg_medan = ? LIMIT 1 with ID: REG-2026-017
[27-Sep-2025 20:11:05 UTC] Final processed data: {"jenis_perlindungan":""}
[27-Sep-2025 20:46:22 UTC] Final per page: 10
[27-Sep-2025 20:46:22 UTC] Per page value: 10
[27-Sep-2025 20:46:22 UTC] GET parameters: Array
(
    [t] => penelaahan
)

[27-Sep-2025 20:46:22 UTC] Page: 1, Per Page: 10, Offset: 0
[27-Sep-2025 20:46:22 UTC] Executing SQL: SELECT penelaahan.*, pegawai.nama_pegawai AS pegawai_nama_pegawai, permohonan.nama_pemohon AS permohonan_nama_pemohon, permohonan.jenis_kelamin AS permohonan_jenis_kelamin, permohonan.kab_kota_pemohon AS permohonan_kab_kota_pemohon, permohonan.provinsi_pemohon AS permohonan_provinsi_pemohon, permohonan.tindak_pidana AS permohonan_tindak_pidana, permohonan.status_hukum AS permohonan_status_hukum, permohonan.kab_kot_locus AS permohonan_kab_kot_locus, permohonan.jenis_perlindungan AS permohonan_jenis_perlindungan FROM penelaahan LEFT JOIN pegawai ON penelaahan.id_pegawai = pegawai.id_pegawai LEFT JOIN permohonan ON penelaahan.no_reg_medan = permohonan.no_reg_medan WHERE penelaahan.no_registrasi = ? LIMIT 1 with ID: REG-2026-017
[27-Sep-2025 20:46:22 UTC] Final processed data: false
[27-Sep-2025 20:46:23 UTC] Processing jenis_perlindungan IDs: 25, 21
[27-Sep-2025 20:46:23 UTC] Executing SQL: SELECT kategori, sub_pilihan FROM jenis_perlindungan WHERE id IN (?,?) ORDER BY kategori, sub_pilihan
[27-Sep-2025 20:46:23 UTC] Query result: [{"kategori":"Bantuan","sub_pilihan":"Rehabilitasi Psikososial"},{"kategori":"Fasilitasi Ganti Rugi","sub_pilihan":"Restitusi"}]
[27-Sep-2025 20:46:23 UTC] Final result: ["Rehabilitasi Psikososial","Restitusi"]
[02-Oct-2025 08:28:55 UTC] PHP Warning:  Undefined array key "user_id" in C:\laragon\www\LPSK\public\admin_users.php on line 94
[02-Oct-2025 08:29:04 UTC] PHP Warning:  Undefined array key "user_id" in C:\laragon\www\LPSK\public\admin_users.php on line 94
[02-Oct-2025 10:29:29 UTC] PHP Warning:  Undefined array key "user_id" in C:\laragon\www\LPSK\public\admin_users.php on line 281
[02-Oct-2025 10:29:53 UTC] PHP Warning:  Undefined array key "role" in C:\laragon\www\LPSK\public\admin_users.php on line 73
[02-Oct-2025 10:29:53 UTC] PHP Warning:  Undefined array key "user_id" in C:\laragon\www\LPSK\public\admin_users.php on line 281
[02-Oct-2025 10:32:42 UTC] PHP Warning:  Undefined array key "role" in C:\laragon\www\LPSK\public\admin_users.php on line 73
[02-Oct-2025 10:32:42 UTC] PHP Warning:  Undefined array key "user_id" in C:\laragon\www\LPSK\public\admin_users.php on line 281
[02-Oct-2025 10:33:35 UTC] PHP Warning:  Undefined array key "user_id" in C:\laragon\www\LPSK\public\admin_users.php on line 281
[02-Oct-2025 10:33:35 UTC] PHP Warning:  Undefined array key "user_id" in C:\laragon\www\LPSK\public\admin_users.php on line 281
[02-Oct-2025 10:33:46 UTC] PHP Warning:  Undefined array key "user_id" in C:\laragon\www\LPSK\public\admin_users.php on line 281
[02-Oct-2025 10:33:46 UTC] PHP Warning:  Undefined array key "user_id" in C:\laragon\www\LPSK\public\admin_users.php on line 281
[02-Oct-2025 10:34:43 UTC] PHP Warning:  Undefined array key "user_id" in C:\laragon\www\LPSK\public\admin_users.php on line 281
[02-Oct-2025 10:34:43 UTC] PHP Warning:  Undefined array key "user_id" in C:\laragon\www\LPSK\public\admin_users.php on line 281
[02-Oct-2025 10:35:53 UTC] Final per page: 10
[02-Oct-2025 10:35:53 UTC] Per page value: 10
[02-Oct-2025 10:35:53 UTC] GET parameters: Array
(
    [t] => layanan
)

[02-Oct-2025 10:35:53 UTC] Page: 1, Per Page: 10, Offset: 0
[02-Oct-2025 10:35:53 UTC] Executing SQL: SELECT layanan.*, pegawai.nama_pegawai AS pegawai_nama_pegawai, permohonan.status_hukum AS permohonan_status_hukum, permohonan.kab_kota_pemohon AS permohonan_kab_kota_pemohon, permohonan.provinsi_pemohon AS permohonan_provinsi_pemohon FROM layanan LEFT JOIN pegawai ON layanan.id_pegawai = pegawai.id_pegawai LEFT JOIN permohonan ON layanan.no_reg_medan = permohonan.no_reg_medan LEFT JOIN penelaahan ON layanan.no_registrasi = penelaahan.no_registrasi WHERE layanan.no_kep_smpl = ? LIMIT 1 with ID: REG-2026-017
[02-Oct-2025 10:35:53 UTC] Final processed data: {"jenis_perlindungan":""}
[02-Oct-2025 10:35:54 UTC] Processing jenis_perlindungan IDs: 25, 21
[02-Oct-2025 10:35:54 UTC] Executing SQL: SELECT kategori, sub_pilihan FROM jenis_perlindungan WHERE id IN (?,?) ORDER BY kategori, sub_pilihan
[02-Oct-2025 10:35:54 UTC] Query result: [{"kategori":"Bantuan","sub_pilihan":"Rehabilitasi Psikososial"},{"kategori":"Fasilitasi Ganti Rugi","sub_pilihan":"Restitusi"}]
[02-Oct-2025 10:35:54 UTC] Final result: ["Rehabilitasi Psikososial","Restitusi"]
[02-Oct-2025 10:36:57 UTC] PHP Warning:  Undefined array key "user_id" in C:\laragon\www\LPSK\public\admin_users.php on line 281
[02-Oct-2025 10:36:57 UTC] PHP Warning:  Undefined array key "user_id" in C:\laragon\www\LPSK\public\admin_users.php on line 281
[06-Oct-2025 07:56:13 UTC] PHP Warning:  Undefined array key "user_id" in C:\laragon\www\LPSK\public\admin_users.php on line 281
[06-Oct-2025 07:56:13 UTC] PHP Warning:  Undefined array key "user_id" in C:\laragon\www\LPSK\public\admin_users.php on line 281
[06-Oct-2025 07:59:02 UTC] Final per page: 10
[06-Oct-2025 07:59:02 UTC] Per page value: 10
[06-Oct-2025 07:59:02 UTC] GET parameters: Array
(
    [t] => penelaahan
)

[06-Oct-2025 07:59:02 UTC] Page: 1, Per Page: 10, Offset: 0
[06-Oct-2025 07:59:02 UTC] Executing SQL: SELECT penelaahan.*, pegawai.nama_pegawai AS pegawai_nama_pegawai, permohonan.nama_pemohon AS permohonan_nama_pemohon, permohonan.jenis_kelamin AS permohonan_jenis_kelamin, permohonan.kab_kota_pemohon AS permohonan_kab_kota_pemohon, permohonan.provinsi_pemohon AS permohonan_provinsi_pemohon, permohonan.tindak_pidana AS permohonan_tindak_pidana, permohonan.status_hukum AS permohonan_status_hukum, permohonan.kab_kot_locus AS permohonan_kab_kot_locus, permohonan.jenis_perlindungan AS permohonan_jenis_perlindungan FROM penelaahan LEFT JOIN pegawai ON penelaahan.id_pegawai = pegawai.id_pegawai LEFT JOIN permohonan ON penelaahan.no_reg_medan = permohonan.no_reg_medan WHERE penelaahan.no_registrasi = ? LIMIT 1 with ID: REG-2026-017
[06-Oct-2025 07:59:02 UTC] Final processed data: false
[06-Oct-2025 07:59:02 UTC] Final per page: 10
[06-Oct-2025 07:59:02 UTC] Per page value: 10
[06-Oct-2025 07:59:02 UTC] GET parameters: Array
(
    [t] => permohonan
)

[06-Oct-2025 07:59:02 UTC] Page: 1, Per Page: 10, Offset: 0
[06-Oct-2025 07:59:03 UTC] Executing SQL: SELECT permohonan.*, pegawai.nama_pegawai AS pegawai_nama_pegawai FROM permohonan LEFT JOIN pegawai ON permohonan.id_pegawai = pegawai.id_pegawai WHERE permohonan.no_reg_medan = ? LIMIT 1 with ID: REG-2026-017
[06-Oct-2025 07:59:03 UTC] Final processed data: {"jenis_perlindungan":""}
[06-Oct-2025 07:59:03 UTC] Processing jenis_perlindungan IDs: 25, 21
[06-Oct-2025 07:59:03 UTC] Executing SQL: SELECT kategori, sub_pilihan FROM jenis_perlindungan WHERE id IN (?,?) ORDER BY kategori, sub_pilihan
[06-Oct-2025 07:59:03 UTC] Query result: [{"kategori":"Bantuan","sub_pilihan":"Rehabilitasi Psikososial"},{"kategori":"Fasilitasi Ganti Rugi","sub_pilihan":"Restitusi"}]
[06-Oct-2025 07:59:03 UTC] Final result: ["Rehabilitasi Psikososial","Restitusi"]
[06-Oct-2025 07:59:04 UTC] Processing jenis_perlindungan IDs: 25, 21
[06-Oct-2025 07:59:04 UTC] Executing SQL: SELECT kategori, sub_pilihan FROM jenis_perlindungan WHERE id IN (?,?) ORDER BY kategori, sub_pilihan
[06-Oct-2025 07:59:04 UTC] Query result: [{"kategori":"Bantuan","sub_pilihan":"Rehabilitasi Psikososial"},{"kategori":"Fasilitasi Ganti Rugi","sub_pilihan":"Restitusi"}]
[06-Oct-2025 07:59:04 UTC] Final result: ["Rehabilitasi Psikososial","Restitusi"]
[06-Oct-2025 07:59:05 UTC] Executing SQL: SELECT permohonan.*, pegawai.nama_pegawai AS pegawai_nama_pegawai FROM permohonan LEFT JOIN pegawai ON permohonan.id_pegawai = pegawai.id_pegawai WHERE permohonan.no_reg_medan = ? LIMIT 1 with ID: 105/P.MDN-LPSK/11/2024
[06-Oct-2025 07:59:05 UTC] Final processed data: {"no_reg_medan":"105\/P.MDN-LPSK\/11\/2024","nama_pemohon":"Sepadan Sembiring","jenis_kelamin":"Laki-laki","status_hukum":"Korban","tgl_pengajuan":"2024-11-29","pihak_perwakilan":"DIRI SENDIRI","tindak_pidana":"TPPU","id_pegawai":4,"kelengkapan_berkas":"ADA","media_pengajuan":"MPP","link_berkas_permohonan":null,"jenis_perlindungan":"20,21","kab_kot_locus":"Kab_Deli Serdang","provinsi":"Sumatera Utara","kab_kota_pemohon":"Kab_Deli Serdang","provinsi_pemohon":"Sumatera Utara","tempat_permohonan":"MEDAN","created_at":"2025-09-16 14:40:56","updated_at":"2025-09-24 02:28:08","pegawai_nama_pegawai":"Fikri Anugrah, S.H.","nama_pegawai":"Fikri Anugrah, S.H."}
[06-Oct-2025 07:59:05 UTC] Processing jenis_perlindungan IDs: 20, 21
[06-Oct-2025 07:59:05 UTC] Executing SQL: SELECT kategori, sub_pilihan FROM jenis_perlindungan WHERE id IN (?,?) ORDER BY kategori, sub_pilihan
[06-Oct-2025 07:59:05 UTC] Query result: [{"kategori":"Fasilitasi Ganti Rugi","sub_pilihan":"Kompensasi"},{"kategori":"Fasilitasi Ganti Rugi","sub_pilihan":"Restitusi"}]
[06-Oct-2025 07:59:05 UTC] Final result: ["Kompensasi","Restitusi"]
[07-Oct-2025 08:04:00 UTC] Final per page: 10
[07-Oct-2025 08:04:00 UTC] Per page value: 10
[07-Oct-2025 08:04:00 UTC] GET parameters: Array
(
    [t] => permohonan
)

[07-Oct-2025 08:04:00 UTC] Page: 1, Per Page: 10, Offset: 0
[07-Oct-2025 08:04:00 UTC] Executing SQL: SELECT permohonan.*, pegawai.nama_pegawai AS pegawai_nama_pegawai FROM permohonan LEFT JOIN pegawai ON permohonan.id_pegawai = pegawai.id_pegawai WHERE permohonan.no_reg_medan = ? LIMIT 1 with ID: REG-2026-017
[07-Oct-2025 08:04:00 UTC] Final processed data: {"jenis_perlindungan":""}
[07-Oct-2025 08:04:01 UTC] Processing jenis_perlindungan IDs: 25, 21
[07-Oct-2025 08:04:01 UTC] Executing SQL: SELECT kategori, sub_pilihan FROM jenis_perlindungan WHERE id IN (?,?) ORDER BY kategori, sub_pilihan
[07-Oct-2025 08:04:01 UTC] Query result: [{"kategori":"Bantuan","sub_pilihan":"Rehabilitasi Psikososial"},{"kategori":"Fasilitasi Ganti Rugi","sub_pilihan":"Restitusi"}]
[07-Oct-2025 08:04:01 UTC] Final result: ["Rehabilitasi Psikososial","Restitusi"]
[07-Oct-2025 08:04:17 UTC] Executing SQL: SELECT permohonan.*, pegawai.nama_pegawai AS pegawai_nama_pegawai FROM permohonan LEFT JOIN pegawai ON permohonan.id_pegawai = pegawai.id_pegawai WHERE permohonan.no_reg_medan = ? LIMIT 1 with ID: REG-MDN-2025-001
[07-Oct-2025 08:04:17 UTC] Final processed data: {"no_reg_medan":"REG-MDN-2025-001","nama_pemohon":"ERIKSON","jenis_kelamin":"Laki-laki","status_hukum":"Anak Korban","tgl_pengajuan":"2025-09-21","pihak_perwakilan":"KELUARGA","tindak_pidana":"TPPU","id_pegawai":6,"kelengkapan_berkas":"Berkas kurang","media_pengajuan":"MPP","link_berkas_permohonan":"https:\/\/limo.lpsk.go.id\/apps\/files\/files","jenis_perlindungan":"24,25,21,8,2,15,16","kab_kot_locus":"Banda Aceh","provinsi":"Aceh","kab_kota_pemohon":"Banda Aceh selatan","provinsi_pemohon":"Aceh","tempat_permohonan":"MEDAN","created_at":"2025-09-21 23:30:16","updated_at":"2025-09-24 02:48:56","pegawai_nama_pegawai":"Viviani Octaria Parhusip, S.IP","nama_pegawai":"Viviani Octaria Parhusip, S.IP"}
[07-Oct-2025 08:04:17 UTC] Processing jenis_perlindungan IDs: 24, 25, 21, 8, 2, 15, 16
[07-Oct-2025 08:04:17 UTC] Executing SQL: SELECT kategori, sub_pilihan FROM jenis_perlindungan WHERE id IN (?,?,?,?,?,?,?) ORDER BY kategori, sub_pilihan
[07-Oct-2025 08:04:17 UTC] Query result: [{"kategori":"Bantuan","sub_pilihan":"Psikologis"},{"kategori":"Bantuan","sub_pilihan":"Rehabilitasi Psikososial"},{"kategori":"Fasilitasi Ganti Rugi","sub_pilihan":"Restitusi"},{"kategori":"Pemenuhan Hak Prosedural","sub_pilihan":"Pendampingan"},{"kategori":"Perlindungan Fisik","sub_pilihan":"Pengamanan Melekat"},{"kategori":"Perlindungan Hukum","sub_pilihan":"Penundaan Tuntutan Hukum"},{"kategori":"Perlindungan Hukum","sub_pilihan":"Tidak Dapat Dituntut Secara Hukum"}]
[07-Oct-2025 08:04:17 UTC] Final result: ["Psikologis","Rehabilitasi Psikososial","Restitusi","Pendampingan","Pengamanan Melekat","Penundaan Tuntutan Hukum","Tidak Dapat Dituntut Secara Hukum"]
[07-Oct-2025 08:09:39 UTC] Final per page: 10
[07-Oct-2025 08:09:39 UTC] Per page value: 10
[07-Oct-2025 08:09:39 UTC] GET parameters: Array
(
    [t] => permohonan
)

[07-Oct-2025 08:09:39 UTC] Page: 1, Per Page: 10, Offset: 0
[07-Oct-2025 08:09:39 UTC] Processing jenis_perlindungan IDs: 25, 21
[07-Oct-2025 08:09:39 UTC] Executing SQL: SELECT kategori, sub_pilihan FROM jenis_perlindungan WHERE id IN (?,?) ORDER BY kategori, sub_pilihan
[07-Oct-2025 08:09:39 UTC] Query result: [{"kategori":"Bantuan","sub_pilihan":"Rehabilitasi Psikososial"},{"kategori":"Fasilitasi Ganti Rugi","sub_pilihan":"Restitusi"}]
[07-Oct-2025 08:09:39 UTC] Final result: ["Rehabilitasi Psikososial","Restitusi"]
[07-Oct-2025 08:09:40 UTC] Executing SQL: SELECT permohonan.*, pegawai.nama_pegawai AS pegawai_nama_pegawai FROM permohonan LEFT JOIN pegawai ON permohonan.id_pegawai = pegawai.id_pegawai WHERE permohonan.no_reg_medan = ? LIMIT 1 with ID: REG-2026-017
[07-Oct-2025 08:09:40 UTC] Final processed data: {"jenis_perlindungan":""}
[07-Oct-2025 08:09:41 UTC] Executing SQL: SELECT permohonan.*, pegawai.nama_pegawai AS pegawai_nama_pegawai FROM permohonan LEFT JOIN pegawai ON permohonan.id_pegawai = pegawai.id_pegawai WHERE permohonan.no_reg_medan = ? LIMIT 1 with ID: REG-MDN-2025-001
[07-Oct-2025 08:09:41 UTC] Final processed data: {"no_reg_medan":"REG-MDN-2025-001","nama_pemohon":"ERIKSON","jenis_kelamin":"Laki-laki","status_hukum":"Anak Korban","tgl_pengajuan":"2025-09-21","pihak_perwakilan":"KELUARGA","tindak_pidana":"TPPU","id_pegawai":6,"kelengkapan_berkas":"Berkas kurang","media_pengajuan":"MPP","link_berkas_permohonan":"https:\/\/limo.lpsk.go.id\/apps\/files\/files","jenis_perlindungan":"24,25,21,8,2,15,16","kab_kot_locus":"Banda Aceh","provinsi":"Aceh","kab_kota_pemohon":"Banda Aceh selatan","provinsi_pemohon":"Aceh","tempat_permohonan":"MEDAN","created_at":"2025-09-21 23:30:16","updated_at":"2025-09-24 02:48:56","pegawai_nama_pegawai":"Viviani Octaria Parhusip, S.IP","nama_pegawai":"Viviani Octaria Parhusip, S.IP"}
[07-Oct-2025 08:09:41 UTC] Processing jenis_perlindungan IDs: 24, 25, 21, 8, 2, 15, 16
[07-Oct-2025 08:09:41 UTC] Executing SQL: SELECT kategori, sub_pilihan FROM jenis_perlindungan WHERE id IN (?,?,?,?,?,?,?) ORDER BY kategori, sub_pilihan
[07-Oct-2025 08:09:41 UTC] Query result: [{"kategori":"Bantuan","sub_pilihan":"Psikologis"},{"kategori":"Bantuan","sub_pilihan":"Rehabilitasi Psikososial"},{"kategori":"Fasilitasi Ganti Rugi","sub_pilihan":"Restitusi"},{"kategori":"Pemenuhan Hak Prosedural","sub_pilihan":"Pendampingan"},{"kategori":"Perlindungan Fisik","sub_pilihan":"Pengamanan Melekat"},{"kategori":"Perlindungan Hukum","sub_pilihan":"Penundaan Tuntutan Hukum"},{"kategori":"Perlindungan Hukum","sub_pilihan":"Tidak Dapat Dituntut Secara Hukum"}]
[07-Oct-2025 08:09:41 UTC] Final result: ["Psikologis","Rehabilitasi Psikososial","Restitusi","Pendampingan","Pengamanan Melekat","Penundaan Tuntutan Hukum","Tidak Dapat Dituntut Secara Hukum"]
[07-Oct-2025 08:14:32 UTC] Executing SQL: SELECT permohonan.*, pegawai.nama_pegawai AS pegawai_nama_pegawai FROM permohonan LEFT JOIN pegawai ON permohonan.id_pegawai = pegawai.id_pegawai WHERE permohonan.no_reg_medan = ? LIMIT 1 with ID: REG-MDN-2025-001
[07-Oct-2025 08:14:32 UTC] Final processed data: {"no_reg_medan":"REG-MDN-2025-001","nama_pemohon":"ERIKSON","jenis_kelamin":"Laki-laki","status_hukum":"Anak Korban","tgl_pengajuan":"2025-09-21","pihak_perwakilan":"KELUARGA","tindak_pidana":"TPPU","id_pegawai":6,"kelengkapan_berkas":"Berkas kurang","media_pengajuan":"MPP","link_berkas_permohonan":"https:\/\/limo.lpsk.go.id\/apps\/files\/files","jenis_perlindungan":"24,25,21,8,2,15,16","kab_kot_locus":"Banda Aceh","provinsi":"Aceh","kab_kota_pemohon":"Banda Aceh selatan","provinsi_pemohon":"Aceh","tempat_permohonan":"MEDAN","created_at":"2025-09-21 23:30:16","updated_at":"2025-09-24 02:48:56","pegawai_nama_pegawai":"Viviani Octaria Parhusip, S.IP","nama_pegawai":"Viviani Octaria Parhusip, S.IP"}
[07-Oct-2025 08:14:51 UTC] Field no_reg_medan: 'REG-MDN-2025-001'
[07-Oct-2025 08:14:51 UTC] Field nama_pemohon: 'ERIKSON'
[07-Oct-2025 08:14:51 UTC] Field jenis_kelamin: 'laki-laki'
[07-Oct-2025 08:14:51 UTC] Field status_hukum: 'Anak Korban'
[07-Oct-2025 08:14:51 UTC] Field tgl_pengajuan: '2025-09-21'
[07-Oct-2025 08:14:51 UTC] Field pihak_perwakilan: 'KELUARGA'
[07-Oct-2025 08:14:51 UTC] Field tindak_pidana: 'TPPU'
[07-Oct-2025 08:14:51 UTC] Field id_pegawai: '6'
[07-Oct-2025 08:14:51 UTC] Field kelengkapan_berkas: 'Berkas kurang'
[07-Oct-2025 08:14:51 UTC] Field media_pengajuan: 'MPP'
[07-Oct-2025 08:14:51 UTC] Field link_berkas_permohonan: 'https://limo.lpsk.go.id/apps/files/files'
[07-Oct-2025 08:14:51 UTC] Field kab_kot_locus: 'Banda Aceh'
[07-Oct-2025 08:14:51 UTC] Field provinsi: 'Aceh'
[07-Oct-2025 08:14:51 UTC] Field kab_kota_pemohon: 'Banda Aceh selatan'
[07-Oct-2025 08:14:51 UTC] Field provinsi_pemohon: 'Aceh'
[07-Oct-2025 08:14:51 UTC] Field tempat_permohonan: 'MEDAN'
[07-Oct-2025 08:14:51 UTC] Data to save: Array
(
    [no_reg_medan] => REG-MDN-2025-001
    [nama_pemohon] => ERIKSON
    [jenis_kelamin] => laki-laki
    [status_hukum] => Anak Korban
    [tgl_pengajuan] => 2025-09-21
    [pihak_perwakilan] => KELUARGA
    [tindak_pidana] => TPPU
    [id_pegawai] => 6
    [kelengkapan_berkas] => Berkas kurang
    [media_pengajuan] => MPP
    [link_berkas_permohonan] => https://limo.lpsk.go.id/apps/files/files
    [jenis_perlindungan] => 25,21,8,2,15,16
    [kab_kot_locus] => Banda Aceh
    [provinsi] => Aceh
    [kab_kota_pemohon] => Banda Aceh selatan
    [provinsi_pemohon] => Aceh
    [tempat_permohonan] => MEDAN
)

[07-Oct-2025 08:14:51 UTC] SQL: UPDATE permohonan SET no_reg_medan=?,nama_pemohon=?,jenis_kelamin=?,status_hukum=?,tgl_pengajuan=?,pihak_perwakilan=?,tindak_pidana=?,id_pegawai=?,kelengkapan_berkas=?,media_pengajuan=?,link_berkas_permohonan=?,jenis_perlindungan=?,kab_kot_locus=?,provinsi=?,kab_kota_pemohon=?,provinsi_pemohon=?,tempat_permohonan=? WHERE no_reg_medan=?
[07-Oct-2025 08:14:51 UTC] Params: Array
(
    [0] => REG-MDN-2025-001
    [1] => ERIKSON
    [2] => laki-laki
    [3] => Anak Korban
    [4] => 2025-09-21
    [5] => KELUARGA
    [6] => TPPU
    [7] => 6
    [8] => Berkas kurang
    [9] => MPP
    [10] => https://limo.lpsk.go.id/apps/files/files
    [11] => 25,21,8,2,15,16
    [12] => Banda Aceh
    [13] => Aceh
    [14] => Banda Aceh selatan
    [15] => Aceh
    [16] => MEDAN
    [17] => REG-MDN-2025-001
)

[07-Oct-2025 08:14:51 UTC] Final per page: 10
[07-Oct-2025 08:14:51 UTC] Per page value: 10
[07-Oct-2025 08:14:51 UTC] GET parameters: Array
(
    [t] => permohonan
)

[07-Oct-2025 08:14:51 UTC] Page: 1, Per Page: 10, Offset: 0
[07-Oct-2025 08:14:52 UTC] Processing jenis_perlindungan IDs: 25, 21
[07-Oct-2025 08:14:52 UTC] Executing SQL: SELECT kategori, sub_pilihan FROM jenis_perlindungan WHERE id IN (?,?) ORDER BY kategori, sub_pilihan
[07-Oct-2025 08:14:52 UTC] Query result: [{"kategori":"Bantuan","sub_pilihan":"Rehabilitasi Psikososial"},{"kategori":"Fasilitasi Ganti Rugi","sub_pilihan":"Restitusi"}]
[07-Oct-2025 08:14:52 UTC] Final result: ["Rehabilitasi Psikososial","Restitusi"]
[07-Oct-2025 08:14:53 UTC] Executing SQL: SELECT permohonan.*, pegawai.nama_pegawai AS pegawai_nama_pegawai FROM permohonan LEFT JOIN pegawai ON permohonan.id_pegawai = pegawai.id_pegawai WHERE permohonan.no_reg_medan = ? LIMIT 1 with ID: REG-2026-017
[07-Oct-2025 08:14:53 UTC] Final processed data: {"jenis_perlindungan":""}
[07-Oct-2025 08:14:55 UTC] Executing SQL: SELECT permohonan.*, pegawai.nama_pegawai AS pegawai_nama_pegawai FROM permohonan LEFT JOIN pegawai ON permohonan.id_pegawai = pegawai.id_pegawai WHERE permohonan.no_reg_medan = ? LIMIT 1 with ID: REG-MDN-2025-001
[07-Oct-2025 08:14:55 UTC] Final processed data: {"no_reg_medan":"REG-MDN-2025-001","nama_pemohon":"ERIKSON","jenis_kelamin":"Laki-laki","status_hukum":"Anak Korban","tgl_pengajuan":"2025-09-21","pihak_perwakilan":"KELUARGA","tindak_pidana":"TPPU","id_pegawai":6,"kelengkapan_berkas":"Berkas kurang","media_pengajuan":"MPP","link_berkas_permohonan":"https:\/\/limo.lpsk.go.id\/apps\/files\/files","jenis_perlindungan":"25,21,8,2,15,16","kab_kot_locus":"Banda Aceh","provinsi":"Aceh","kab_kota_pemohon":"Banda Aceh selatan","provinsi_pemohon":"Aceh","tempat_permohonan":"MEDAN","created_at":"2025-09-21 23:30:16","updated_at":"2025-10-07 15:14:51","pegawai_nama_pegawai":"Viviani Octaria Parhusip, S.IP","nama_pegawai":"Viviani Octaria Parhusip, S.IP"}
[07-Oct-2025 08:14:55 UTC] Processing jenis_perlindungan IDs: 25, 21, 8, 2, 15, 16
[07-Oct-2025 08:14:55 UTC] Executing SQL: SELECT kategori, sub_pilihan FROM jenis_perlindungan WHERE id IN (?,?,?,?,?,?) ORDER BY kategori, sub_pilihan
[07-Oct-2025 08:14:55 UTC] Query result: [{"kategori":"Bantuan","sub_pilihan":"Rehabilitasi Psikososial"},{"kategori":"Fasilitasi Ganti Rugi","sub_pilihan":"Restitusi"},{"kategori":"Pemenuhan Hak Prosedural","sub_pilihan":"Pendampingan"},{"kategori":"Perlindungan Fisik","sub_pilihan":"Pengamanan Melekat"},{"kategori":"Perlindungan Hukum","sub_pilihan":"Penundaan Tuntutan Hukum"},{"kategori":"Perlindungan Hukum","sub_pilihan":"Tidak Dapat Dituntut Secara Hukum"}]
[07-Oct-2025 08:14:55 UTC] Final result: ["Rehabilitasi Psikososial","Restitusi","Pendampingan","Pengamanan Melekat","Penundaan Tuntutan Hukum","Tidak Dapat Dituntut Secara Hukum"]
[07-Oct-2025 08:15:02 UTC] Executing SQL: SELECT permohonan.*, pegawai.nama_pegawai AS pegawai_nama_pegawai FROM permohonan LEFT JOIN pegawai ON permohonan.id_pegawai = pegawai.id_pegawai WHERE permohonan.no_reg_medan = ? LIMIT 1 with ID: REG-MDN-2025-001
[07-Oct-2025 08:15:02 UTC] Final processed data: {"no_reg_medan":"REG-MDN-2025-001","nama_pemohon":"ERIKSON","jenis_kelamin":"Laki-laki","status_hukum":"Anak Korban","tgl_pengajuan":"2025-09-21","pihak_perwakilan":"KELUARGA","tindak_pidana":"TPPU","id_pegawai":6,"kelengkapan_berkas":"Berkas kurang","media_pengajuan":"MPP","link_berkas_permohonan":"https:\/\/limo.lpsk.go.id\/apps\/files\/files","jenis_perlindungan":"25,21,8,2,15,16","kab_kot_locus":"Banda Aceh","provinsi":"Aceh","kab_kota_pemohon":"Banda Aceh selatan","provinsi_pemohon":"Aceh","tempat_permohonan":"MEDAN","created_at":"2025-09-21 23:30:16","updated_at":"2025-10-07 15:14:51","pegawai_nama_pegawai":"Viviani Octaria Parhusip, S.IP","nama_pegawai":"Viviani Octaria Parhusip, S.IP"}
[07-Oct-2025 08:15:32 UTC] Field no_reg_medan: 'REG-MDN-2025-001'
[07-Oct-2025 08:15:32 UTC] Field nama_pemohon: 'ERIKSON'
[07-Oct-2025 08:15:32 UTC] Field jenis_kelamin: 'laki-laki'
[07-Oct-2025 08:15:32 UTC] Field status_hukum: 'Anak Korban'
[07-Oct-2025 08:15:32 UTC] Field tgl_pengajuan: '2025-09-21'
[07-Oct-2025 08:15:32 UTC] Field pihak_perwakilan: 'KELUARGA'
[07-Oct-2025 08:15:32 UTC] Field tindak_pidana: 'TPPU'
[07-Oct-2025 08:15:32 UTC] Field id_pegawai: '6'
[07-Oct-2025 08:15:32 UTC] Field kelengkapan_berkas: 'Berkas kurang'
[07-Oct-2025 08:15:32 UTC] Field media_pengajuan: 'MPP'
[07-Oct-2025 08:15:32 UTC] Field link_berkas_permohonan: 'https://limo.lpsk.go.id/apps/files/files'
[07-Oct-2025 08:15:32 UTC] Field kab_kot_locus: 'Banda Aceh'
[07-Oct-2025 08:15:32 UTC] Field provinsi: 'Aceh'
[07-Oct-2025 08:15:32 UTC] Field kab_kota_pemohon: 'Banda Aceh selatan'
[07-Oct-2025 08:15:32 UTC] Field provinsi_pemohon: 'Aceh'
[07-Oct-2025 08:15:32 UTC] Field tempat_permohonan: 'MEDAN'
[07-Oct-2025 08:15:32 UTC] Data to save: Array
(
    [no_reg_medan] => REG-MDN-2025-001
    [nama_pemohon] => ERIKSON
    [jenis_kelamin] => laki-laki
    [status_hukum] => Anak Korban
    [tgl_pengajuan] => 2025-09-21
    [pihak_perwakilan] => KELUARGA
    [tindak_pidana] => TPPU
    [id_pegawai] => 6
    [kelengkapan_berkas] => Berkas kurang
    [media_pengajuan] => MPP
    [link_berkas_permohonan] => https://limo.lpsk.go.id/apps/files/files
    [jenis_perlindungan] => 22,24,25,21,8,2,15,16
    [kab_kot_locus] => Banda Aceh
    [provinsi] => Aceh
    [kab_kota_pemohon] => Banda Aceh selatan
    [provinsi_pemohon] => Aceh
    [tempat_permohonan] => MEDAN
)

[07-Oct-2025 08:15:32 UTC] SQL: UPDATE permohonan SET no_reg_medan=?,nama_pemohon=?,jenis_kelamin=?,status_hukum=?,tgl_pengajuan=?,pihak_perwakilan=?,tindak_pidana=?,id_pegawai=?,kelengkapan_berkas=?,media_pengajuan=?,link_berkas_permohonan=?,jenis_perlindungan=?,kab_kot_locus=?,provinsi=?,kab_kota_pemohon=?,provinsi_pemohon=?,tempat_permohonan=? WHERE no_reg_medan=?
[07-Oct-2025 08:15:32 UTC] Params: Array
(
    [0] => REG-MDN-2025-001
    [1] => ERIKSON
    [2] => laki-laki
    [3] => Anak Korban
    [4] => 2025-09-21
    [5] => KELUARGA
    [6] => TPPU
    [7] => 6
    [8] => Berkas kurang
    [9] => MPP
    [10] => https://limo.lpsk.go.id/apps/files/files
    [11] => 22,24,25,21,8,2,15,16
    [12] => Banda Aceh
    [13] => Aceh
    [14] => Banda Aceh selatan
    [15] => Aceh
    [16] => MEDAN
    [17] => REG-MDN-2025-001
)

[07-Oct-2025 08:15:32 UTC] Final per page: 10
[07-Oct-2025 08:15:32 UTC] Per page value: 10
[07-Oct-2025 08:15:32 UTC] GET parameters: Array
(
    [t] => permohonan
)

[07-Oct-2025 08:15:32 UTC] Page: 1, Per Page: 10, Offset: 0
[07-Oct-2025 08:15:33 UTC] Executing SQL: SELECT permohonan.*, pegawai.nama_pegawai AS pegawai_nama_pegawai FROM permohonan LEFT JOIN pegawai ON permohonan.id_pegawai = pegawai.id_pegawai WHERE permohonan.no_reg_medan = ? LIMIT 1 with ID: REG-2026-017
[07-Oct-2025 08:15:33 UTC] Final processed data: {"jenis_perlindungan":""}
[07-Oct-2025 08:15:34 UTC] Processing jenis_perlindungan IDs: 25, 21
[07-Oct-2025 08:15:34 UTC] Executing SQL: SELECT kategori, sub_pilihan FROM jenis_perlindungan WHERE id IN (?,?) ORDER BY kategori, sub_pilihan
[07-Oct-2025 08:15:34 UTC] Query result: [{"kategori":"Bantuan","sub_pilihan":"Rehabilitasi Psikososial"},{"kategori":"Fasilitasi Ganti Rugi","sub_pilihan":"Restitusi"}]
[07-Oct-2025 08:15:34 UTC] Final result: ["Rehabilitasi Psikososial","Restitusi"]
[07-Oct-2025 08:15:41 UTC] Executing SQL: SELECT permohonan.*, pegawai.nama_pegawai AS pegawai_nama_pegawai FROM permohonan LEFT JOIN pegawai ON permohonan.id_pegawai = pegawai.id_pegawai WHERE permohonan.no_reg_medan = ? LIMIT 1 with ID: REG-MDN-2025-001
[07-Oct-2025 08:15:41 UTC] Final processed data: {"no_reg_medan":"REG-MDN-2025-001","nama_pemohon":"ERIKSON","jenis_kelamin":"Laki-laki","status_hukum":"Anak Korban","tgl_pengajuan":"2025-09-21","pihak_perwakilan":"KELUARGA","tindak_pidana":"TPPU","id_pegawai":6,"kelengkapan_berkas":"Berkas kurang","media_pengajuan":"MPP","link_berkas_permohonan":"https:\/\/limo.lpsk.go.id\/apps\/files\/files","jenis_perlindungan":"22,24,25,21,8,2,15,16","kab_kot_locus":"Banda Aceh","provinsi":"Aceh","kab_kota_pemohon":"Banda Aceh selatan","provinsi_pemohon":"Aceh","tempat_permohonan":"MEDAN","created_at":"2025-09-21 23:30:16","updated_at":"2025-10-07 15:15:32","pegawai_nama_pegawai":"Viviani Octaria Parhusip, S.IP","nama_pegawai":"Viviani Octaria Parhusip, S.IP"}
[07-Oct-2025 08:15:41 UTC] Processing jenis_perlindungan IDs: 22, 24, 25, 21, 8, 2, 15, 16
[07-Oct-2025 08:15:41 UTC] Executing SQL: SELECT kategori, sub_pilihan FROM jenis_perlindungan WHERE id IN (?,?,?,?,?,?,?,?) ORDER BY kategori, sub_pilihan
[07-Oct-2025 08:15:41 UTC] Query result: [{"kategori":"Bantuan","sub_pilihan":"Medis"},{"kategori":"Bantuan","sub_pilihan":"Psikologis"},{"kategori":"Bantuan","sub_pilihan":"Rehabilitasi Psikososial"},{"kategori":"Fasilitasi Ganti Rugi","sub_pilihan":"Restitusi"},{"kategori":"Pemenuhan Hak Prosedural","sub_pilihan":"Pendampingan"},{"kategori":"Perlindungan Fisik","sub_pilihan":"Pengamanan Melekat"},{"kategori":"Perlindungan Hukum","sub_pilihan":"Penundaan Tuntutan Hukum"},{"kategori":"Perlindungan Hukum","sub_pilihan":"Tidak Dapat Dituntut Secara Hukum"}]
[07-Oct-2025 08:15:41 UTC] Final result: ["Medis","Psikologis","Rehabilitasi Psikososial","Restitusi","Pendampingan","Pengamanan Melekat","Penundaan Tuntutan Hukum","Tidak Dapat Dituntut Secara Hukum"]
[07-Oct-2025 08:15:51 UTC] Final per page: 10
[07-Oct-2025 08:15:51 UTC] Per page value: 10
[07-Oct-2025 08:15:51 UTC] GET parameters: Array
(
    [t] => penelaahan
)

[07-Oct-2025 08:15:51 UTC] Page: 1, Per Page: 10, Offset: 0
[07-Oct-2025 08:15:51 UTC] Executing SQL: SELECT penelaahan.*, pegawai.nama_pegawai AS pegawai_nama_pegawai, permohonan.nama_pemohon AS permohonan_nama_pemohon, permohonan.jenis_kelamin AS permohonan_jenis_kelamin, permohonan.kab_kota_pemohon AS permohonan_kab_kota_pemohon, permohonan.provinsi_pemohon AS permohonan_provinsi_pemohon, permohonan.tindak_pidana AS permohonan_tindak_pidana, permohonan.status_hukum AS permohonan_status_hukum, permohonan.kab_kot_locus AS permohonan_kab_kot_locus, permohonan.jenis_perlindungan AS permohonan_jenis_perlindungan FROM penelaahan LEFT JOIN pegawai ON penelaahan.id_pegawai = pegawai.id_pegawai LEFT JOIN permohonan ON penelaahan.no_reg_medan = permohonan.no_reg_medan WHERE penelaahan.no_registrasi = ? LIMIT 1 with ID: REG-2026-017
[07-Oct-2025 08:15:51 UTC] Final processed data: false
[07-Oct-2025 08:15:52 UTC] Processing jenis_perlindungan IDs: 25, 21
[07-Oct-2025 08:15:52 UTC] Executing SQL: SELECT kategori, sub_pilihan FROM jenis_perlindungan WHERE id IN (?,?) ORDER BY kategori, sub_pilihan
[07-Oct-2025 08:15:52 UTC] Query result: [{"kategori":"Bantuan","sub_pilihan":"Rehabilitasi Psikososial"},{"kategori":"Fasilitasi Ganti Rugi","sub_pilihan":"Restitusi"}]
[07-Oct-2025 08:15:52 UTC] Final result: ["Rehabilitasi Psikososial","Restitusi"]
[07-Oct-2025 08:15:55 UTC] Final per page: 10
[07-Oct-2025 08:15:55 UTC] Per page value: 10
[07-Oct-2025 08:15:55 UTC] GET parameters: Array
(
    [t] => layanan
)

[07-Oct-2025 08:15:55 UTC] Page: 1, Per Page: 10, Offset: 0
[07-Oct-2025 08:15:55 UTC] Processing jenis_perlindungan IDs: 25, 21
[07-Oct-2025 08:15:55 UTC] Executing SQL: SELECT kategori, sub_pilihan FROM jenis_perlindungan WHERE id IN (?,?) ORDER BY kategori, sub_pilihan
[07-Oct-2025 08:15:55 UTC] Query result: [{"kategori":"Bantuan","sub_pilihan":"Rehabilitasi Psikososial"},{"kategori":"Fasilitasi Ganti Rugi","sub_pilihan":"Restitusi"}]
[07-Oct-2025 08:15:55 UTC] Final result: ["Rehabilitasi Psikososial","Restitusi"]
[07-Oct-2025 08:15:56 UTC] Executing SQL: SELECT layanan.*, pegawai.nama_pegawai AS pegawai_nama_pegawai, permohonan.status_hukum AS permohonan_status_hukum, permohonan.kab_kota_pemohon AS permohonan_kab_kota_pemohon, permohonan.provinsi_pemohon AS permohonan_provinsi_pemohon FROM layanan LEFT JOIN pegawai ON layanan.id_pegawai = pegawai.id_pegawai LEFT JOIN permohonan ON layanan.no_reg_medan = permohonan.no_reg_medan LEFT JOIN penelaahan ON layanan.no_registrasi = penelaahan.no_registrasi WHERE layanan.no_kep_smpl = ? LIMIT 1 with ID: REG-2026-017
[07-Oct-2025 08:15:56 UTC] Final processed data: {"jenis_perlindungan":""}
[07-Oct-2025 08:16:44 UTC] Final per page: 10
[07-Oct-2025 08:16:44 UTC] Per page value: 10
[07-Oct-2025 08:16:44 UTC] GET parameters: Array
(
    [t] => layanan
)

[07-Oct-2025 08:16:44 UTC] Page: 1, Per Page: 10, Offset: 0
[07-Oct-2025 08:16:44 UTC] Executing SQL: SELECT layanan.*, pegawai.nama_pegawai AS pegawai_nama_pegawai, permohonan.status_hukum AS permohonan_status_hukum, permohonan.kab_kota_pemohon AS permohonan_kab_kota_pemohon, permohonan.provinsi_pemohon AS permohonan_provinsi_pemohon FROM layanan LEFT JOIN pegawai ON layanan.id_pegawai = pegawai.id_pegawai LEFT JOIN permohonan ON layanan.no_reg_medan = permohonan.no_reg_medan LEFT JOIN penelaahan ON layanan.no_registrasi = penelaahan.no_registrasi WHERE layanan.no_kep_smpl = ? LIMIT 1 with ID: REG-2026-017
[07-Oct-2025 08:16:44 UTC] Final processed data: {"jenis_perlindungan":""}
[07-Oct-2025 08:16:45 UTC] Processing jenis_perlindungan IDs: 25, 21
[07-Oct-2025 08:16:45 UTC] Executing SQL: SELECT kategori, sub_pilihan FROM jenis_perlindungan WHERE id IN (?,?) ORDER BY kategori, sub_pilihan
[07-Oct-2025 08:16:45 UTC] Query result: [{"kategori":"Bantuan","sub_pilihan":"Rehabilitasi Psikososial"},{"kategori":"Fasilitasi Ganti Rugi","sub_pilihan":"Restitusi"}]
[07-Oct-2025 08:16:45 UTC] Final result: ["Rehabilitasi Psikososial","Restitusi"]
[07-Oct-2025 08:16:50 UTC] Final per page: 10
[07-Oct-2025 08:16:50 UTC] Per page value: 10
[07-Oct-2025 08:16:50 UTC] GET parameters: Array
(
    [t] => layanan
)

[07-Oct-2025 08:16:50 UTC] Page: 1, Per Page: 10, Offset: 0
[07-Oct-2025 08:16:50 UTC] Processing jenis_perlindungan IDs: 25, 21
[07-Oct-2025 08:16:50 UTC] Executing SQL: SELECT kategori, sub_pilihan FROM jenis_perlindungan WHERE id IN (?,?) ORDER BY kategori, sub_pilihan
[07-Oct-2025 08:16:50 UTC] Query result: [{"kategori":"Bantuan","sub_pilihan":"Rehabilitasi Psikososial"},{"kategori":"Fasilitasi Ganti Rugi","sub_pilihan":"Restitusi"}]
[07-Oct-2025 08:16:50 UTC] Final result: ["Rehabilitasi Psikososial","Restitusi"]
[07-Oct-2025 08:16:51 UTC] Executing SQL: SELECT layanan.*, pegawai.nama_pegawai AS pegawai_nama_pegawai, permohonan.status_hukum AS permohonan_status_hukum, permohonan.kab_kota_pemohon AS permohonan_kab_kota_pemohon, permohonan.provinsi_pemohon AS permohonan_provinsi_pemohon FROM layanan LEFT JOIN pegawai ON layanan.id_pegawai = pegawai.id_pegawai LEFT JOIN permohonan ON layanan.no_reg_medan = permohonan.no_reg_medan LEFT JOIN penelaahan ON layanan.no_registrasi = penelaahan.no_registrasi WHERE layanan.no_kep_smpl = ? LIMIT 1 with ID: REG-2026-017
[07-Oct-2025 08:16:51 UTC] Final processed data: {"jenis_perlindungan":""}
[07-Oct-2025 08:25:34 UTC] Final per page: 10
[07-Oct-2025 08:25:34 UTC] Per page value: 10
[07-Oct-2025 08:25:34 UTC] GET parameters: Array
(
    [t] => layanan
)

[07-Oct-2025 08:25:34 UTC] Page: 1, Per Page: 10, Offset: 0
[07-Oct-2025 08:25:34 UTC] Executing SQL: SELECT layanan.*, pegawai.nama_pegawai AS pegawai_nama_pegawai, permohonan.status_hukum AS permohonan_status_hukum, permohonan.kab_kota_pemohon AS permohonan_kab_kota_pemohon, permohonan.provinsi_pemohon AS permohonan_provinsi_pemohon FROM layanan LEFT JOIN pegawai ON layanan.id_pegawai = pegawai.id_pegawai LEFT JOIN permohonan ON layanan.no_reg_medan = permohonan.no_reg_medan LEFT JOIN penelaahan ON layanan.no_registrasi = penelaahan.no_registrasi WHERE layanan.no_kep_smpl = ? LIMIT 1 with ID: REG-2026-017
[07-Oct-2025 08:25:34 UTC] Final processed data: {"jenis_perlindungan":""}
[07-Oct-2025 08:25:35 UTC] Processing jenis_perlindungan IDs: 25, 21
[07-Oct-2025 08:25:35 UTC] Executing SQL: SELECT kategori, sub_pilihan FROM jenis_perlindungan WHERE id IN (?,?) ORDER BY kategori, sub_pilihan
[07-Oct-2025 08:25:35 UTC] Query result: [{"kategori":"Bantuan","sub_pilihan":"Rehabilitasi Psikososial"},{"kategori":"Fasilitasi Ganti Rugi","sub_pilihan":"Restitusi"}]
[07-Oct-2025 08:25:35 UTC] Final result: ["Rehabilitasi Psikososial","Restitusi"]
[07-Oct-2025 08:25:42 UTC] Executing SQL: SELECT layanan.*, pegawai.nama_pegawai AS pegawai_nama_pegawai, permohonan.status_hukum AS permohonan_status_hukum, permohonan.kab_kota_pemohon AS permohonan_kab_kota_pemohon, permohonan.provinsi_pemohon AS permohonan_provinsi_pemohon FROM layanan LEFT JOIN pegawai ON layanan.id_pegawai = pegawai.id_pegawai LEFT JOIN permohonan ON layanan.no_reg_medan = permohonan.no_reg_medan LEFT JOIN penelaahan ON layanan.no_registrasi = penelaahan.no_registrasi WHERE layanan.no_kep_smpl = ? LIMIT 1 with ID: SMPL-2025-020
[07-Oct-2025 08:25:42 UTC] Final processed data: {"no_kep_smpl":"SMPL-2025-020","no_reg_medan":"020\/P.MDN-LPSK\/01\/2025","no_registrasi":"REG-PNL-2025-020","no_spk":"SPK-2025-020","tgl_no_kep_smpl":"2025-05-10","status_spk":"Sudah TTD","nama_terlindung":"Suryanto","jenis_tindak_pidana":"PHB","tanggal_disposisi":"2025-05-15","id_pegawai":4,"tgl_mulai_layanan":"2025-05-10","masa_layanan":"3 BULAN","tambahan_masa_layanan":null,"tgl_berakhir_layanan":"2025-08-10","jenis_perlindungan":"25","wilayah_hukum":"Pengadilan Negeri Deli Serdang","nama_ta_layanan":"SMW","status":"BERJALAN","created_at":"2025-10-07 15:25:28","updated_at":"2025-10-07 15:25:28","pegawai_nama_pegawai":"Fikri Anugrah, S.H.","permohonan_status_hukum":"Korban","permohonan_kab_kota_pemohon":"Kab_Deli Serdang","permohonan_provinsi_pemohon":"Sumatera Utara","nama_pegawai":"Fikri Anugrah, S.H.","status_hukum":"Korban","kab_kota_pemohon":"Kab_Deli Serdang","provinsi_pemohon":"Sumatera Utara"}
[07-Oct-2025 08:25:42 UTC] Processing jenis_perlindungan IDs: 25
[07-Oct-2025 08:25:42 UTC] Executing SQL: SELECT kategori, sub_pilihan FROM jenis_perlindungan WHERE id IN (?) ORDER BY kategori, sub_pilihan
[07-Oct-2025 08:25:42 UTC] Query result: [{"kategori":"Bantuan","sub_pilihan":"Rehabilitasi Psikososial"}]
[07-Oct-2025 08:25:42 UTC] Final result: ["Rehabilitasi Psikososial"]
[07-Oct-2025 08:26:07 UTC] Final per page: 10
[07-Oct-2025 08:26:07 UTC] Per page value: 10
[07-Oct-2025 08:26:07 UTC] GET parameters: Array
(
    [t] => penelaahan
)

[07-Oct-2025 08:26:07 UTC] Page: 1, Per Page: 10, Offset: 0
[07-Oct-2025 08:26:07 UTC] Processing jenis_perlindungan IDs: 25, 21
[07-Oct-2025 08:26:07 UTC] Executing SQL: SELECT kategori, sub_pilihan FROM jenis_perlindungan WHERE id IN (?,?) ORDER BY kategori, sub_pilihan
[07-Oct-2025 08:26:07 UTC] Query result: [{"kategori":"Bantuan","sub_pilihan":"Rehabilitasi Psikososial"},{"kategori":"Fasilitasi Ganti Rugi","sub_pilihan":"Restitusi"}]
[07-Oct-2025 08:26:07 UTC] Final result: ["Rehabilitasi Psikososial","Restitusi"]
[07-Oct-2025 08:26:08 UTC] Executing SQL: SELECT penelaahan.*, pegawai.nama_pegawai AS pegawai_nama_pegawai, permohonan.nama_pemohon AS permohonan_nama_pemohon, permohonan.jenis_kelamin AS permohonan_jenis_kelamin, permohonan.kab_kota_pemohon AS permohonan_kab_kota_pemohon, permohonan.provinsi_pemohon AS permohonan_provinsi_pemohon, permohonan.tindak_pidana AS permohonan_tindak_pidana, permohonan.status_hukum AS permohonan_status_hukum, permohonan.kab_kot_locus AS permohonan_kab_kot_locus, permohonan.jenis_perlindungan AS permohonan_jenis_perlindungan FROM penelaahan LEFT JOIN pegawai ON penelaahan.id_pegawai = pegawai.id_pegawai LEFT JOIN permohonan ON penelaahan.no_reg_medan = permohonan.no_reg_medan WHERE penelaahan.no_registrasi = ? LIMIT 1 with ID: REG-2026-017
[07-Oct-2025 08:26:08 UTC] Final processed data: false
[07-Oct-2025 08:26:09 UTC] Executing SQL: SELECT penelaahan.*, pegawai.nama_pegawai AS pegawai_nama_pegawai, permohonan.nama_pemohon AS permohonan_nama_pemohon, permohonan.jenis_kelamin AS permohonan_jenis_kelamin, permohonan.kab_kota_pemohon AS permohonan_kab_kota_pemohon, permohonan.provinsi_pemohon AS permohonan_provinsi_pemohon, permohonan.tindak_pidana AS permohonan_tindak_pidana, permohonan.status_hukum AS permohonan_status_hukum, permohonan.kab_kot_locus AS permohonan_kab_kot_locus, permohonan.jenis_perlindungan AS permohonan_jenis_perlindungan FROM penelaahan LEFT JOIN pegawai ON penelaahan.id_pegawai = pegawai.id_pegawai LEFT JOIN permohonan ON penelaahan.no_reg_medan = permohonan.no_reg_medan WHERE penelaahan.no_registrasi = ? LIMIT 1 with ID: REG-PNL-2025-019
[07-Oct-2025 08:26:09 UTC] Final processed data: {"no_registrasi":"REG-PNL-2025-019","no_reg_medan":"019\/P.MDN-LPSK\/01\/2025","proses_hukum":"P-21","tanggal_dispo":"2025-04-10","proses_penalaahan":"Dokumen P-21 sudah final","id_pegawai":4,"tgl_berakhir_penelaahan":"2025-07-10","waktu_tambahan":null,"nama_ta_penalaahan":"GPJ","risalah_laporan":"BELUM","created_at":"2025-10-07 15:25:28","updated_at":"2025-10-07 15:25:28","pegawai_nama_pegawai":"Fikri Anugrah, S.H.","permohonan_nama_pemohon":"Suri Uta Hesri","permohonan_jenis_kelamin":"Perempuan","permohonan_kab_kota_pemohon":"Kab_Deli Serdang","permohonan_provinsi_pemohon":"Sumatera Utara","permohonan_tindak_pidana":"PHB","permohonan_status_hukum":"Korban","permohonan_kab_kot_locus":"Kab_Deli Serdang","permohonan_jenis_perlindungan":"Rehabilitasi Psikososial","nama_pegawai":"Fikri Anugrah, S.H.","nama_pemohon":"Suri Uta Hesri","jenis_kelamin":"Perempuan","kab_kota_pemohon":"Kab_Deli Serdang","provinsi_pemohon":"Sumatera Utara","tindak_pidana":"PHB","status_hukum":"Korban","kab_kot_locus":"Kab_Deli Serdang","jenis_perlindungan":"Rehabilitasi Psikososial"}
[07-Oct-2025 10:23:08 UTC] Executing SQL: SELECT penelaahan.*, pegawai.nama_pegawai AS pegawai_nama_pegawai, permohonan.nama_pemohon AS permohonan_nama_pemohon, permohonan.jenis_kelamin AS permohonan_jenis_kelamin, permohonan.kab_kota_pemohon AS permohonan_kab_kota_pemohon, permohonan.provinsi_pemohon AS permohonan_provinsi_pemohon, permohonan.tindak_pidana AS permohonan_tindak_pidana, permohonan.status_hukum AS permohonan_status_hukum, permohonan.kab_kot_locus AS permohonan_kab_kot_locus, permohonan.jenis_perlindungan AS permohonan_jenis_perlindungan FROM penelaahan LEFT JOIN pegawai ON penelaahan.id_pegawai = pegawai.id_pegawai LEFT JOIN permohonan ON penelaahan.no_reg_medan = permohonan.no_reg_medan WHERE penelaahan.no_registrasi = ? LIMIT 1 with ID: REG-PNL-2025-015
[07-Oct-2025 10:23:08 UTC] Final processed data: {"no_registrasi":"REG-PNL-2025-015","no_reg_medan":"015\/P.MDN-LPSK\/01\/2025","proses_hukum":"Penuntutan","tanggal_dispo":"2025-03-20","proses_penalaahan":"Kasus dalam tahap penuntutan","id_pegawai":4,"tgl_berakhir_penelaahan":"2025-06-20","waktu_tambahan":null,"nama_ta_penalaahan":"GPJ","risalah_laporan":"BELUM","created_at":"2025-10-07 15:25:28","updated_at":"2025-10-07 15:25:28","pegawai_nama_pegawai":"Fikri Anugrah, S.H.","permohonan_nama_pemohon":"Lindawati Siregar","permohonan_jenis_kelamin":"Perempuan","permohonan_kab_kota_pemohon":"Kota_Binjai","permohonan_provinsi_pemohon":"Sumatera Utara","permohonan_tindak_pidana":"PHB","permohonan_status_hukum":"Korban","permohonan_kab_kot_locus":"Kota_Binjai","permohonan_jenis_perlindungan":"Rehabilitasi Psikososial","nama_pegawai":"Fikri Anugrah, S.H.","nama_pemohon":"Lindawati Siregar","jenis_kelamin":"Perempuan","kab_kota_pemohon":"Kota_Binjai","provinsi_pemohon":"Sumatera Utara","tindak_pidana":"PHB","status_hukum":"Korban","kab_kot_locus":"Kota_Binjai","jenis_perlindungan":"Rehabilitasi Psikososial"}
[14-Oct-2025 07:28:12 UTC] Final per page: 10
[14-Oct-2025 07:28:12 UTC] Per page value: 10
[14-Oct-2025 07:28:12 UTC] GET parameters: Array
(
    [t] => permohonan
)

[14-Oct-2025 07:28:12 UTC] Page: 1, Per Page: 10, Offset: 0
[14-Oct-2025 07:28:12 UTC] Executing SQL: SELECT permohonan.*, pegawai.nama_pegawai AS pegawai_nama_pegawai FROM permohonan LEFT JOIN pegawai ON permohonan.id_pegawai = pegawai.id_pegawai WHERE permohonan.no_reg_medan = ? LIMIT 1 with ID: REG-2026-017
[14-Oct-2025 07:28:12 UTC] Final processed data: {"jenis_perlindungan":""}
[14-Oct-2025 07:28:12 UTC] Processing jenis_perlindungan IDs: 25, 21
[14-Oct-2025 07:28:12 UTC] Executing SQL: SELECT kategori, sub_pilihan FROM jenis_perlindungan WHERE id IN (?,?) ORDER BY kategori, sub_pilihan
[14-Oct-2025 07:28:12 UTC] Query result: [{"kategori":"Bantuan","sub_pilihan":"Rehabilitasi Psikososial"},{"kategori":"Fasilitasi Ganti Rugi","sub_pilihan":"Restitusi"}]
[14-Oct-2025 07:28:12 UTC] Final result: ["Rehabilitasi Psikososial","Restitusi"]
[15-Oct-2025 06:01:08 UTC] Final per page: 10
[15-Oct-2025 06:01:08 UTC] Per page value: 10
[15-Oct-2025 06:01:08 UTC] GET parameters: Array
(
    [t] => permohonan
)

[15-Oct-2025 06:01:08 UTC] Page: 1, Per Page: 10, Offset: 0
[15-Oct-2025 06:01:08 UTC] Processing jenis_perlindungan IDs: 25, 21
[15-Oct-2025 06:01:08 UTC] Executing SQL: SELECT kategori, sub_pilihan FROM jenis_perlindungan WHERE id IN (?,?) ORDER BY kategori, sub_pilihan
[15-Oct-2025 06:01:08 UTC] Query result: [{"kategori":"Bantuan","sub_pilihan":"Rehabilitasi Psikososial"},{"kategori":"Fasilitasi Ganti Rugi","sub_pilihan":"Restitusi"}]
[15-Oct-2025 06:01:08 UTC] Final result: ["Rehabilitasi Psikososial","Restitusi"]
[15-Oct-2025 06:01:09 UTC] Executing SQL: SELECT permohonan.*, pegawai.nama_pegawai AS pegawai_nama_pegawai FROM permohonan LEFT JOIN pegawai ON permohonan.id_pegawai = pegawai.id_pegawai WHERE permohonan.no_reg_medan = ? LIMIT 1 with ID: REG-2026-017
[15-Oct-2025 06:01:09 UTC] Final processed data: {"jenis_perlindungan":""}
[15-Oct-2025 06:09:51 UTC] Final per page: 10
[15-Oct-2025 06:09:51 UTC] Per page value: 10
[15-Oct-2025 06:09:51 UTC] GET parameters: Array
(
    [t] => permohonan
)

[15-Oct-2025 06:09:51 UTC] Page: 1, Per Page: 10, Offset: 0
[15-Oct-2025 06:09:51 UTC] Executing SQL: SELECT permohonan.*, pegawai.nama_pegawai AS pegawai_nama_pegawai FROM permohonan LEFT JOIN pegawai ON permohonan.id_pegawai = pegawai.id_pegawai WHERE permohonan.no_reg_medan = ? LIMIT 1 with ID: REG-2026-017
[15-Oct-2025 06:09:51 UTC] Final processed data: {"jenis_perlindungan":""}
[15-Oct-2025 06:09:52 UTC] Processing jenis_perlindungan IDs: 25, 21
[15-Oct-2025 06:09:52 UTC] Executing SQL: SELECT kategori, sub_pilihan FROM jenis_perlindungan WHERE id IN (?,?) ORDER BY kategori, sub_pilihan
[15-Oct-2025 06:09:52 UTC] Query result: [{"kategori":"Bantuan","sub_pilihan":"Rehabilitasi Psikososial"},{"kategori":"Fasilitasi Ganti Rugi","sub_pilihan":"Restitusi"}]
[15-Oct-2025 06:09:52 UTC] Final result: ["Rehabilitasi Psikososial","Restitusi"]
[15-Oct-2025 06:10:08 UTC] Final per page: 10
[15-Oct-2025 06:10:08 UTC] Per page value: 10
[15-Oct-2025 06:10:08 UTC] GET parameters: Array
(
    [t] => permohonan
)

[15-Oct-2025 06:10:08 UTC] Page: 1, Per Page: 10, Offset: 0
[15-Oct-2025 06:10:08 UTC] Executing SQL: SELECT permohonan.*, pegawai.nama_pegawai AS pegawai_nama_pegawai FROM permohonan LEFT JOIN pegawai ON permohonan.id_pegawai = pegawai.id_pegawai WHERE permohonan.no_reg_medan = ? LIMIT 1 with ID: REG-2026-017
[15-Oct-2025 06:10:08 UTC] Final processed data: {"jenis_perlindungan":""}
[15-Oct-2025 06:10:09 UTC] Processing jenis_perlindungan IDs: 25, 21
[15-Oct-2025 06:10:09 UTC] Executing SQL: SELECT kategori, sub_pilihan FROM jenis_perlindungan WHERE id IN (?,?) ORDER BY kategori, sub_pilihan
[15-Oct-2025 06:10:09 UTC] Query result: [{"kategori":"Bantuan","sub_pilihan":"Rehabilitasi Psikososial"},{"kategori":"Fasilitasi Ganti Rugi","sub_pilihan":"Restitusi"}]
[15-Oct-2025 06:10:09 UTC] Final result: ["Rehabilitasi Psikososial","Restitusi"]
[15-Oct-2025 06:11:22 UTC] Final per page: 10
[15-Oct-2025 06:11:22 UTC] Per page value: 10
[15-Oct-2025 06:11:22 UTC] GET parameters: Array
(
    [t] => permohonan
)

[15-Oct-2025 06:11:22 UTC] Page: 1, Per Page: 10, Offset: 0
[15-Oct-2025 06:11:22 UTC] Processing jenis_perlindungan IDs: 25, 21
[15-Oct-2025 06:11:22 UTC] Executing SQL: SELECT kategori, sub_pilihan FROM jenis_perlindungan WHERE id IN (?,?) ORDER BY kategori, sub_pilihan
[15-Oct-2025 06:11:22 UTC] Query result: [{"kategori":"Bantuan","sub_pilihan":"Rehabilitasi Psikososial"},{"kategori":"Fasilitasi Ganti Rugi","sub_pilihan":"Restitusi"}]
[15-Oct-2025 06:11:22 UTC] Final result: ["Rehabilitasi Psikososial","Restitusi"]
[15-Oct-2025 06:11:23 UTC] Final per page: 10
[15-Oct-2025 06:11:23 UTC] Per page value: 10
[15-Oct-2025 06:11:23 UTC] GET parameters: Array
(
    [t] => permohonan
)

[15-Oct-2025 06:11:23 UTC] Page: 1, Per Page: 10, Offset: 0
[15-Oct-2025 06:11:23 UTC] Executing SQL: SELECT permohonan.*, pegawai.nama_pegawai AS pegawai_nama_pegawai FROM permohonan LEFT JOIN pegawai ON permohonan.id_pegawai = pegawai.id_pegawai WHERE permohonan.no_reg_medan = ? LIMIT 1 with ID: REG-2026-017
[15-Oct-2025 06:11:23 UTC] Final processed data: {"jenis_perlindungan":""}
[15-Oct-2025 06:11:23 UTC] Executing SQL: SELECT permohonan.*, pegawai.nama_pegawai AS pegawai_nama_pegawai FROM permohonan LEFT JOIN pegawai ON permohonan.id_pegawai = pegawai.id_pegawai WHERE permohonan.no_reg_medan = ? LIMIT 1 with ID: REG-2026-017
[15-Oct-2025 06:11:23 UTC] Final processed data: {"jenis_perlindungan":""}
[15-Oct-2025 06:11:24 UTC] Processing jenis_perlindungan IDs: 25, 21
[15-Oct-2025 06:11:24 UTC] Executing SQL: SELECT kategori, sub_pilihan FROM jenis_perlindungan WHERE id IN (?,?) ORDER BY kategori, sub_pilihan
[15-Oct-2025 06:11:24 UTC] Query result: [{"kategori":"Bantuan","sub_pilihan":"Rehabilitasi Psikososial"},{"kategori":"Fasilitasi Ganti Rugi","sub_pilihan":"Restitusi"}]
[15-Oct-2025 06:11:24 UTC] Final result: ["Rehabilitasi Psikososial","Restitusi"]
[15-Oct-2025 06:11:31 UTC] Final per page: 10
[15-Oct-2025 06:11:31 UTC] Per page value: 10
[15-Oct-2025 06:11:31 UTC] GET parameters: Array
(
    [t] => permohonan
)

[15-Oct-2025 06:11:31 UTC] Page: 1, Per Page: 10, Offset: 0
[15-Oct-2025 06:11:31 UTC] Executing SQL: SELECT permohonan.*, pegawai.nama_pegawai AS pegawai_nama_pegawai FROM permohonan LEFT JOIN pegawai ON permohonan.id_pegawai = pegawai.id_pegawai WHERE permohonan.no_reg_medan = ? LIMIT 1 with ID: REG-2026-017
[15-Oct-2025 06:11:31 UTC] Final processed data: {"jenis_perlindungan":""}
[15-Oct-2025 06:11:32 UTC] Processing jenis_perlindungan IDs: 25, 21
[15-Oct-2025 06:11:32 UTC] Executing SQL: SELECT kategori, sub_pilihan FROM jenis_perlindungan WHERE id IN (?,?) ORDER BY kategori, sub_pilihan
[15-Oct-2025 06:11:32 UTC] Query result: [{"kategori":"Bantuan","sub_pilihan":"Rehabilitasi Psikososial"},{"kategori":"Fasilitasi Ganti Rugi","sub_pilihan":"Restitusi"}]
[15-Oct-2025 06:11:32 UTC] Final result: ["Rehabilitasi Psikososial","Restitusi"]
[15-Oct-2025 06:12:27 UTC] Final per page: 10
[15-Oct-2025 06:12:27 UTC] Per page value: 10
[15-Oct-2025 06:12:27 UTC] GET parameters: Array
(
    [t] => permohonan
)

[15-Oct-2025 06:12:27 UTC] Page: 1, Per Page: 10, Offset: 0
[15-Oct-2025 06:12:27 UTC] Processing jenis_perlindungan IDs: 25, 21
[15-Oct-2025 06:12:27 UTC] Executing SQL: SELECT kategori, sub_pilihan FROM jenis_perlindungan WHERE id IN (?,?) ORDER BY kategori, sub_pilihan
[15-Oct-2025 06:12:27 UTC] Query result: [{"kategori":"Bantuan","sub_pilihan":"Rehabilitasi Psikososial"},{"kategori":"Fasilitasi Ganti Rugi","sub_pilihan":"Restitusi"}]
[15-Oct-2025 06:12:27 UTC] Final result: ["Rehabilitasi Psikososial","Restitusi"]
[15-Oct-2025 06:12:28 UTC] Executing SQL: SELECT permohonan.*, pegawai.nama_pegawai AS pegawai_nama_pegawai FROM permohonan LEFT JOIN pegawai ON permohonan.id_pegawai = pegawai.id_pegawai WHERE permohonan.no_reg_medan = ? LIMIT 1 with ID: REG-2026-017
[15-Oct-2025 06:12:28 UTC] Final processed data: {"jenis_perlindungan":""}
[15-Oct-2025 06:12:37 UTC] Executing SQL: SELECT permohonan.*, pegawai.nama_pegawai AS pegawai_nama_pegawai FROM permohonan LEFT JOIN pegawai ON permohonan.id_pegawai = pegawai.id_pegawai WHERE permohonan.no_reg_medan = ? LIMIT 1 with ID: REG-MDN-2025-001
[15-Oct-2025 06:12:37 UTC] Final processed data: {"no_reg_medan":"REG-MDN-2025-001","nama_pemohon":"ERIKSON","jenis_kelamin":"Laki-laki","status_hukum":"Anak Korban","tgl_pengajuan":"2025-09-21","pihak_perwakilan":"KELUARGA","tindak_pidana":"TPPU","id_pegawai":6,"kelengkapan_berkas":"Berkas kurang","media_pengajuan":"MPP","link_berkas_permohonan":"https:\/\/limo.lpsk.go.id\/apps\/files\/files","jenis_perlindungan":"22,24,25,21,8,2,15,16","kab_kot_locus":"Banda Aceh","provinsi":"Aceh","kab_kota_pemohon":"Banda Aceh selatan","provinsi_pemohon":"Aceh","tempat_permohonan":"MEDAN","created_at":"2025-09-21 23:30:16","updated_at":"2025-10-07 15:15:32","pegawai_nama_pegawai":"Viviani Octaria Parhusip, S.IP","nama_pegawai":"Viviani Octaria Parhusip, S.IP"}
[15-Oct-2025 06:14:59 UTC] Final per page: 10
[15-Oct-2025 06:14:59 UTC] Per page value: 10
[15-Oct-2025 06:14:59 UTC] GET parameters: Array
(
    [t] => permohonan
)

[15-Oct-2025 06:14:59 UTC] Page: 1, Per Page: 10, Offset: 0
[15-Oct-2025 06:14:59 UTC] Executing SQL: SELECT permohonan.*, pegawai.nama_pegawai AS pegawai_nama_pegawai FROM permohonan LEFT JOIN pegawai ON permohonan.id_pegawai = pegawai.id_pegawai WHERE permohonan.no_reg_medan = ? LIMIT 1 with ID: REG-2026-017
[15-Oct-2025 06:14:59 UTC] Final processed data: {"jenis_perlindungan":""}
[15-Oct-2025 06:15:00 UTC] Processing jenis_perlindungan IDs: 25, 21
[15-Oct-2025 06:15:00 UTC] Executing SQL: SELECT kategori, sub_pilihan FROM jenis_perlindungan WHERE id IN (?,?) ORDER BY kategori, sub_pilihan
[15-Oct-2025 06:15:00 UTC] Query result: [{"kategori":"Bantuan","sub_pilihan":"Rehabilitasi Psikososial"},{"kategori":"Fasilitasi Ganti Rugi","sub_pilihan":"Restitusi"}]
[15-Oct-2025 06:15:00 UTC] Final result: ["Rehabilitasi Psikososial","Restitusi"]
[15-Oct-2025 06:15:26 UTC] Executing SQL: SELECT permohonan.*, pegawai.nama_pegawai AS pegawai_nama_pegawai FROM permohonan LEFT JOIN pegawai ON permohonan.id_pegawai = pegawai.id_pegawai WHERE permohonan.no_reg_medan = ? LIMIT 1 with ID: REG-MDN-2025-001
[15-Oct-2025 06:15:26 UTC] Final processed data: {"no_reg_medan":"REG-MDN-2025-001","nama_pemohon":"ERIKSON","jenis_kelamin":"Laki-laki","status_hukum":"Anak Korban","tgl_pengajuan":"2025-09-21","pihak_perwakilan":"KELUARGA","tindak_pidana":"TPPU","id_pegawai":6,"kelengkapan_berkas":"Berkas kurang","media_pengajuan":"MPP","link_berkas_permohonan":"https:\/\/limo.lpsk.go.id\/apps\/files\/files","jenis_perlindungan":"22,24,25,21,8,2,15,16","kab_kot_locus":"Banda Aceh","provinsi":"Aceh","kab_kota_pemohon":"Banda Aceh selatan","provinsi_pemohon":"Aceh","tempat_permohonan":"MEDAN","created_at":"2025-09-21 23:30:16","updated_at":"2025-10-07 15:15:32","pegawai_nama_pegawai":"Viviani Octaria Parhusip, S.IP","nama_pegawai":"Viviani Octaria Parhusip, S.IP"}
[15-Oct-2025 06:15:36 UTC] Field no_reg_medan: 'REG-MDN-2025-001'
[15-Oct-2025 06:15:36 UTC] Field nama_pemohon: 'ERIKSON'
[15-Oct-2025 06:15:36 UTC] Field jenis_kelamin: 'laki-laki'
[15-Oct-2025 06:15:36 UTC] Field status_hukum: 'Tidak ada status hukum'
[15-Oct-2025 06:15:36 UTC] Field tgl_pengajuan: '2025-09-21'
[15-Oct-2025 06:15:36 UTC] Field pihak_perwakilan: 'KELUARGA'
[15-Oct-2025 06:15:36 UTC] Field tindak_pidana: 'TPPU'
[15-Oct-2025 06:15:36 UTC] Field id_pegawai: '6'
[15-Oct-2025 06:15:36 UTC] Field kelengkapan_berkas: 'Berkas kurang'
[15-Oct-2025 06:15:36 UTC] Field media_pengajuan: 'MPP'
[15-Oct-2025 06:15:36 UTC] Field link_berkas_permohonan: 'https://limo.lpsk.go.id/apps/files/files'
[15-Oct-2025 06:15:36 UTC] Field kab_kot_locus: 'Banda Aceh'
[15-Oct-2025 06:15:36 UTC] Field provinsi: 'Aceh'
[15-Oct-2025 06:15:36 UTC] Field kab_kota_pemohon: 'Banda Aceh selatan'
[15-Oct-2025 06:15:36 UTC] Field provinsi_pemohon: 'Aceh'
[15-Oct-2025 06:15:36 UTC] Field tempat_permohonan: 'MEDAN'
[15-Oct-2025 06:15:36 UTC] Data to save: Array
(
    [no_reg_medan] => REG-MDN-2025-001
    [nama_pemohon] => ERIKSON
    [jenis_kelamin] => laki-laki
    [status_hukum] => Tidak ada status hukum
    [tgl_pengajuan] => 2025-09-21
    [pihak_perwakilan] => KELUARGA
    [tindak_pidana] => TPPU
    [id_pegawai] => 6
    [kelengkapan_berkas] => Berkas kurang
    [media_pengajuan] => MPP
    [link_berkas_permohonan] => https://limo.lpsk.go.id/apps/files/files
    [jenis_perlindungan] => 22,24,25,21,8,2,15,16
    [kab_kot_locus] => Banda Aceh
    [provinsi] => Aceh
    [kab_kota_pemohon] => Banda Aceh selatan
    [provinsi_pemohon] => Aceh
    [tempat_permohonan] => MEDAN
)

[15-Oct-2025 06:15:36 UTC] SQL: UPDATE permohonan SET no_reg_medan=?,nama_pemohon=?,jenis_kelamin=?,status_hukum=?,tgl_pengajuan=?,pihak_perwakilan=?,tindak_pidana=?,id_pegawai=?,kelengkapan_berkas=?,media_pengajuan=?,link_berkas_permohonan=?,jenis_perlindungan=?,kab_kot_locus=?,provinsi=?,kab_kota_pemohon=?,provinsi_pemohon=?,tempat_permohonan=? WHERE no_reg_medan=?
[15-Oct-2025 06:15:36 UTC] Params: Array
(
    [0] => REG-MDN-2025-001
    [1] => ERIKSON
    [2] => laki-laki
    [3] => Tidak ada status hukum
    [4] => 2025-09-21
    [5] => KELUARGA
    [6] => TPPU
    [7] => 6
    [8] => Berkas kurang
    [9] => MPP
    [10] => https://limo.lpsk.go.id/apps/files/files
    [11] => 22,24,25,21,8,2,15,16
    [12] => Banda Aceh
    [13] => Aceh
    [14] => Banda Aceh selatan
    [15] => Aceh
    [16] => MEDAN
    [17] => REG-MDN-2025-001
)

[15-Oct-2025 06:15:36 UTC] Final per page: 10
[15-Oct-2025 06:15:36 UTC] Per page value: 10
[15-Oct-2025 06:15:36 UTC] GET parameters: Array
(
    [t] => permohonan
)

[15-Oct-2025 06:15:36 UTC] Page: 1, Per Page: 10, Offset: 0
[15-Oct-2025 06:15:36 UTC] Executing SQL: SELECT permohonan.*, pegawai.nama_pegawai AS pegawai_nama_pegawai FROM permohonan LEFT JOIN pegawai ON permohonan.id_pegawai = pegawai.id_pegawai WHERE permohonan.no_reg_medan = ? LIMIT 1 with ID: REG-2026-017
[15-Oct-2025 06:15:36 UTC] Final processed data: {"jenis_perlindungan":""}
[15-Oct-2025 06:15:37 UTC] Processing jenis_perlindungan IDs: 25, 21
[15-Oct-2025 06:15:37 UTC] Executing SQL: SELECT kategori, sub_pilihan FROM jenis_perlindungan WHERE id IN (?,?) ORDER BY kategori, sub_pilihan
[15-Oct-2025 06:15:37 UTC] Query result: [{"kategori":"Bantuan","sub_pilihan":"Rehabilitasi Psikososial"},{"kategori":"Fasilitasi Ganti Rugi","sub_pilihan":"Restitusi"}]
[15-Oct-2025 06:15:37 UTC] Final result: ["Rehabilitasi Psikososial","Restitusi"]
[15-Oct-2025 08:28:25 UTC] PHP Fatal error:  Uncaught Error: Call to undefined function getCount() in C:\laragon\www\LPSK\public\api_stats.php:40
Stack trace:
#0 {main}
  thrown in C:\laragon\www\LPSK\public\api_stats.php on line 40
[15-Oct-2025 16:01:39 UTC] Database error in executeQuery: SQLSTATE[42S22]: Column not found: 1054 Unknown column 'status_permohonan' in 'field list'
[15-Oct-2025 16:06:40 UTC] Database error in executeQuery: SQLSTATE[42S22]: Column not found: 1054 Unknown column 'status_permohonan' in 'field list'
[15-Oct-2025 16:11:40 UTC] Database error in executeQuery: SQLSTATE[42S22]: Column not found: 1054 Unknown column 'status_permohonan' in 'field list'
[15-Oct-2025 16:58:33 UTC] Database error in executeQuery: SQLSTATE[42S22]: Column not found: 1054 Unknown column 'status_permohonan' in 'field list'
[15-Oct-2025 16:58:41 UTC] Database error in executeQuery: SQLSTATE[42S22]: Column not found: 1054 Unknown column 'status_permohonan' in 'field list'
[15-Oct-2025 17:08:18 UTC] Database error in executeQuery: SQLSTATE[42S22]: Column not found: 1054 Unknown column 'status_permohonan' in 'field list'
[15-Oct-2025 17:18:04 UTC] PHP Fatal error:  Uncaught Error: Undefined constant "tahunValid" in C:\laragon\www\LPSK\public\api_stats.php:46
Stack trace:
#0 {main}
  thrown in C:\laragon\www\LPSK\public\api_stats.php on line 46
[15-Oct-2025 17:33:55 UTC] PHP Warning:  include(C:\laragon\www\LPSK\public/../components/dashboard/kpi-cards.php): Failed to open stream: No such file or directory in C:\laragon\www\LPSK\public\dashboard.php on line 13
[15-Oct-2025 17:33:55 UTC] PHP Warning:  include(): Failed opening 'C:\laragon\www\LPSK\public/../components/dashboard/kpi-cards.php' for inclusion (include_path='.;C:/laragon/etc/php/pear') in C:\laragon\www\LPSK\public\dashboard.php on line 13
[15-Oct-2025 17:36:15 UTC] PHP Warning:  include(C:\laragon\www\LPSK\public/../components/dashboard/kpi-cards.php): Failed to open stream: No such file or directory in C:\laragon\www\LPSK\public\dashboard.php on line 13
[15-Oct-2025 17:36:15 UTC] PHP Warning:  include(): Failed opening 'C:\laragon\www\LPSK\public/../components/dashboard/kpi-cards.php' for inclusion (include_path='.;C:/laragon/etc/php/pear') in C:\laragon\www\LPSK\public\dashboard.php on line 13
[15-Oct-2025 17:36:49 UTC] Database error in executeQuery: SQLSTATE[HY093]: Invalid parameter number
[15-Oct-2025 17:36:49 UTC] Error fetching monthly data: Database query failed
[15-Oct-2025 17:36:49 UTC] Database error in executeQuery: SQLSTATE[HY093]: Invalid parameter number
[15-Oct-2025 17:36:49 UTC] Error fetching monthly data: Database query failed
[15-Oct-2025 17:36:49 UTC] Database error in executeQuery: SQLSTATE[HY093]: Invalid parameter number
[15-Oct-2025 17:36:49 UTC] Error fetching monthly data: Database query failed
[15-Oct-2025 17:36:49 UTC] Database error in executeQuery: SQLSTATE[HY093]: Invalid parameter number
[15-Oct-2025 17:36:49 UTC] Error fetching monthly data: Database query failed
[15-Oct-2025 17:36:49 UTC] Database error in executeQuery: SQLSTATE[HY093]: Invalid parameter number
[15-Oct-2025 17:36:49 UTC] API Stats Error: Database query failed
[15-Oct-2025 17:37:01 UTC] Database error in executeQuery: SQLSTATE[HY093]: Invalid parameter number
[15-Oct-2025 17:37:01 UTC] Error fetching monthly data: Database query failed
[15-Oct-2025 17:37:01 UTC] Database error in executeQuery: SQLSTATE[HY093]: Invalid parameter number
[15-Oct-2025 17:37:01 UTC] Error fetching monthly data: Database query failed
[15-Oct-2025 17:37:01 UTC] Database error in executeQuery: SQLSTATE[HY093]: Invalid parameter number
[15-Oct-2025 17:37:01 UTC] Error fetching monthly data: Database query failed
[15-Oct-2025 17:37:01 UTC] Database error in executeQuery: SQLSTATE[HY093]: Invalid parameter number
[15-Oct-2025 17:37:01 UTC] Error fetching monthly data: Database query failed
[15-Oct-2025 17:37:01 UTC] Database error in executeQuery: SQLSTATE[HY093]: Invalid parameter number
[15-Oct-2025 17:37:01 UTC] API Stats Error: Database query failed
[15-Oct-2025 17:38:18 UTC] Final per page: 10
[15-Oct-2025 17:38:18 UTC] Per page value: 10
[15-Oct-2025 17:38:18 UTC] GET parameters: Array
(
    [t] => permohonan
)

[15-Oct-2025 17:38:18 UTC] Page: 1, Per Page: 10, Offset: 0
[15-Oct-2025 17:38:18 UTC] Executing SQL: SELECT permohonan.*, pegawai.nama_pegawai AS pegawai_nama_pegawai FROM permohonan LEFT JOIN pegawai ON permohonan.id_pegawai = pegawai.id_pegawai WHERE permohonan.no_reg_medan = ? LIMIT 1 with ID: REG-2026-017
[15-Oct-2025 17:38:18 UTC] Final processed data: {"jenis_perlindungan":""}
[15-Oct-2025 17:38:19 UTC] Processing jenis_perlindungan IDs: 25, 21
[15-Oct-2025 17:38:19 UTC] Executing SQL: SELECT kategori, sub_pilihan FROM jenis_perlindungan WHERE id IN (?,?) ORDER BY kategori, sub_pilihan
[15-Oct-2025 17:38:19 UTC] Query result: [{"kategori":"Bantuan","sub_pilihan":"Rehabilitasi Psikososial"},{"kategori":"Fasilitasi Ganti Rugi","sub_pilihan":"Restitusi"}]
[15-Oct-2025 17:38:19 UTC] Final result: ["Rehabilitasi Psikososial","Restitusi"]
[15-Oct-2025 17:38:21 UTC] Final per page: 10
[15-Oct-2025 17:38:21 UTC] Per page value: 10
[15-Oct-2025 17:38:21 UTC] GET parameters: Array
(
    [t] => permohonan
    [sort] => tgl_pengajuan
    [order] => DESC
)

[15-Oct-2025 17:38:21 UTC] Page: 1, Per Page: 10, Offset: 0
[15-Oct-2025 17:38:21 UTC] Executing SQL: SELECT permohonan.*, pegawai.nama_pegawai AS pegawai_nama_pegawai FROM permohonan LEFT JOIN pegawai ON permohonan.id_pegawai = pegawai.id_pegawai WHERE permohonan.no_reg_medan = ? LIMIT 1 with ID: REG-2026-017
[15-Oct-2025 17:38:21 UTC] Final processed data: {"jenis_perlindungan":""}
[15-Oct-2025 17:38:21 UTC] Processing jenis_perlindungan IDs: 25, 21
[15-Oct-2025 17:38:21 UTC] Executing SQL: SELECT kategori, sub_pilihan FROM jenis_perlindungan WHERE id IN (?,?) ORDER BY kategori, sub_pilihan
[15-Oct-2025 17:38:21 UTC] Query result: [{"kategori":"Bantuan","sub_pilihan":"Rehabilitasi Psikososial"},{"kategori":"Fasilitasi Ganti Rugi","sub_pilihan":"Restitusi"}]
[15-Oct-2025 17:38:21 UTC] Final result: ["Rehabilitasi Psikososial","Restitusi"]
[15-Oct-2025 17:38:34 UTC] Final per page: 100
[15-Oct-2025 17:38:34 UTC] Per page value: 100
[15-Oct-2025 17:38:34 UTC] GET parameters: Array
(
    [t] => permohonan
    [sort] => tgl_pengajuan
    [order] => DESC
    [per_page] => 100
    [page] => 1
)

[15-Oct-2025 17:38:34 UTC] Page: 1, Per Page: 100, Offset: 0
[15-Oct-2025 17:38:35 UTC] Executing SQL: SELECT permohonan.*, pegawai.nama_pegawai AS pegawai_nama_pegawai FROM permohonan LEFT JOIN pegawai ON permohonan.id_pegawai = pegawai.id_pegawai WHERE permohonan.no_reg_medan = ? LIMIT 1 with ID: REG-2026-017
[15-Oct-2025 17:38:35 UTC] Final processed data: {"jenis_perlindungan":""}
[15-Oct-2025 17:38:35 UTC] Processing jenis_perlindungan IDs: 25, 21
[15-Oct-2025 17:38:35 UTC] Executing SQL: SELECT kategori, sub_pilihan FROM jenis_perlindungan WHERE id IN (?,?) ORDER BY kategori, sub_pilihan
[15-Oct-2025 17:38:35 UTC] Query result: [{"kategori":"Bantuan","sub_pilihan":"Rehabilitasi Psikososial"},{"kategori":"Fasilitasi Ganti Rugi","sub_pilihan":"Restitusi"}]
[15-Oct-2025 17:38:35 UTC] Final result: ["Rehabilitasi Psikososial","Restitusi"]
[15-Oct-2025 17:39:39 UTC] Final per page: 10
[15-Oct-2025 17:39:39 UTC] Per page value: 10
[15-Oct-2025 17:39:39 UTC] GET parameters: Array
(
    [t] => permohonan
)

[15-Oct-2025 17:39:39 UTC] Page: 1, Per Page: 10, Offset: 0
[15-Oct-2025 17:39:39 UTC] Processing jenis_perlindungan IDs: 25, 21
[15-Oct-2025 17:39:39 UTC] Executing SQL: SELECT kategori, sub_pilihan FROM jenis_perlindungan WHERE id IN (?,?) ORDER BY kategori, sub_pilihan
[15-Oct-2025 17:39:39 UTC] Query result: [{"kategori":"Bantuan","sub_pilihan":"Rehabilitasi Psikososial"},{"kategori":"Fasilitasi Ganti Rugi","sub_pilihan":"Restitusi"}]
[15-Oct-2025 17:39:39 UTC] Final result: ["Rehabilitasi Psikososial","Restitusi"]
[15-Oct-2025 17:39:39 UTC] Executing SQL: SELECT permohonan.*, pegawai.nama_pegawai AS pegawai_nama_pegawai FROM permohonan LEFT JOIN pegawai ON permohonan.id_pegawai = pegawai.id_pegawai WHERE permohonan.no_reg_medan = ? LIMIT 1 with ID: REG-2026-017
[15-Oct-2025 17:39:39 UTC] Final processed data: {"jenis_perlindungan":""}
[15-Oct-2025 17:40:56 UTC] Final per page: 10
[15-Oct-2025 17:40:56 UTC] Per page value: 10
[15-Oct-2025 17:40:56 UTC] GET parameters: Array
(
    [t] => permohonan
)

[15-Oct-2025 17:40:56 UTC] Page: 1, Per Page: 10, Offset: 0
[15-Oct-2025 17:40:56 UTC] Processing jenis_perlindungan IDs: 25, 21
[15-Oct-2025 17:40:56 UTC] Executing SQL: SELECT kategori, sub_pilihan FROM jenis_perlindungan WHERE id IN (?,?) ORDER BY kategori, sub_pilihan
[15-Oct-2025 17:40:56 UTC] Query result: [{"kategori":"Bantuan","sub_pilihan":"Rehabilitasi Psikososial"},{"kategori":"Fasilitasi Ganti Rugi","sub_pilihan":"Restitusi"}]
[15-Oct-2025 17:40:56 UTC] Final result: ["Rehabilitasi Psikososial","Restitusi"]
[15-Oct-2025 17:40:56 UTC] Executing SQL: SELECT permohonan.*, pegawai.nama_pegawai AS pegawai_nama_pegawai FROM permohonan LEFT JOIN pegawai ON permohonan.id_pegawai = pegawai.id_pegawai WHERE permohonan.no_reg_medan = ? LIMIT 1 with ID: REG-2026-017
[15-Oct-2025 17:40:56 UTC] Final processed data: {"jenis_perlindungan":""}
[15-Oct-2025 18:08:42 UTC] PHP Warning:  include(C:\laragon\www\LPSK\public/../components/dashboard/kpi-cards.php): Failed to open stream: No such file or directory in C:\laragon\www\LPSK\public\dashboard.php on line 176
[15-Oct-2025 18:08:42 UTC] PHP Warning:  include(): Failed opening 'C:\laragon\www\LPSK\public/../components/dashboard/kpi-cards.php' for inclusion (include_path='.;C:/laragon/etc/php/pear') in C:\laragon\www\LPSK\public\dashboard.php on line 176
[16-Oct-2025 08:21:17 UTC] Final per page: 10
[16-Oct-2025 08:21:17 UTC] Per page value: 10
[16-Oct-2025 08:21:17 UTC] GET parameters: Array
(
    [t] => permohonan
)

[16-Oct-2025 08:21:17 UTC] Page: 1, Per Page: 10, Offset: 0
[16-Oct-2025 08:21:17 UTC] Executing SQL: SELECT permohonan.*, pegawai.nama_pegawai AS pegawai_nama_pegawai FROM permohonan LEFT JOIN pegawai ON permohonan.id_pegawai = pegawai.id_pegawai WHERE permohonan.no_reg_medan = ? LIMIT 1 with ID: REG-2026-017
[16-Oct-2025 08:21:17 UTC] Final processed data: {"jenis_perlindungan":""}
[16-Oct-2025 08:21:18 UTC] Processing jenis_perlindungan IDs: 25, 21
[16-Oct-2025 08:21:18 UTC] Executing SQL: SELECT kategori, sub_pilihan FROM jenis_perlindungan WHERE id IN (?,?) ORDER BY kategori, sub_pilihan
[16-Oct-2025 08:21:18 UTC] Query result: [{"kategori":"Bantuan","sub_pilihan":"Rehabilitasi Psikososial"},{"kategori":"Fasilitasi Ganti Rugi","sub_pilihan":"Restitusi"}]
[16-Oct-2025 08:21:18 UTC] Final result: ["Rehabilitasi Psikososial","Restitusi"]
[16-Oct-2025 08:21:21 UTC] Executing SQL: SELECT permohonan.*, pegawai.nama_pegawai AS pegawai_nama_pegawai FROM permohonan LEFT JOIN pegawai ON permohonan.id_pegawai = pegawai.id_pegawai WHERE permohonan.no_reg_medan = ? LIMIT 1 with ID: REG-MDN-2025-001
[16-Oct-2025 08:21:21 UTC] Final processed data: {"no_reg_medan":"REG-MDN-2025-001","nama_pemohon":"ERIKSON","jenis_kelamin":"Laki-laki","status_hukum":"Tidak Ada Status Hukum","tgl_pengajuan":"2025-09-21","pihak_perwakilan":"KELUARGA","tindak_pidana":"TPPU","id_pegawai":6,"kelengkapan_berkas":"Berkas kurang","media_pengajuan":"MPP","link_berkas_permohonan":"https:\/\/limo.lpsk.go.id\/apps\/files\/files","jenis_perlindungan":"22,24,25,21,8,2,15,16","kab_kot_locus":"Banda Aceh","provinsi":"Aceh","kab_kota_pemohon":"Banda Aceh selatan","provinsi_pemohon":"Aceh","tempat_permohonan":"MEDAN","created_at":"2025-09-21 23:30:16","updated_at":"2025-10-15 13:15:36","pegawai_nama_pegawai":"Viviani Octaria Parhusip, S.IP","nama_pegawai":"Viviani Octaria Parhusip, S.IP"}
[16-Oct-2025 08:21:21 UTC] Processing jenis_perlindungan IDs: 22, 24, 25, 21, 8, 2, 15, 16
[16-Oct-2025 08:21:21 UTC] Executing SQL: SELECT kategori, sub_pilihan FROM jenis_perlindungan WHERE id IN (?,?,?,?,?,?,?,?) ORDER BY kategori, sub_pilihan
[16-Oct-2025 08:21:21 UTC] Query result: [{"kategori":"Bantuan","sub_pilihan":"Medis"},{"kategori":"Bantuan","sub_pilihan":"Psikologis"},{"kategori":"Bantuan","sub_pilihan":"Rehabilitasi Psikososial"},{"kategori":"Fasilitasi Ganti Rugi","sub_pilihan":"Restitusi"},{"kategori":"Pemenuhan Hak Prosedural","sub_pilihan":"Pendampingan"},{"kategori":"Perlindungan Fisik","sub_pilihan":"Pengamanan Melekat"},{"kategori":"Perlindungan Hukum","sub_pilihan":"Penundaan Tuntutan Hukum"},{"kategori":"Perlindungan Hukum","sub_pilihan":"Tidak Dapat Dituntut Secara Hukum"}]
[16-Oct-2025 08:21:21 UTC] Final result: ["Medis","Psikologis","Rehabilitasi Psikososial","Restitusi","Pendampingan","Pengamanan Melekat","Penundaan Tuntutan Hukum","Tidak Dapat Dituntut Secara Hukum"]
[16-Oct-2025 08:21:29 UTC] Final per page: 10
[16-Oct-2025 08:21:29 UTC] Per page value: 10
[16-Oct-2025 08:21:29 UTC] GET parameters: Array
(
    [t] => penelaahan
)

[16-Oct-2025 08:21:29 UTC] Page: 1, Per Page: 10, Offset: 0
[16-Oct-2025 08:21:29 UTC] Executing SQL: SELECT penelaahan.*, pegawai.nama_pegawai AS pegawai_nama_pegawai, permohonan.nama_pemohon AS permohonan_nama_pemohon, permohonan.jenis_kelamin AS permohonan_jenis_kelamin, permohonan.kab_kota_pemohon AS permohonan_kab_kota_pemohon, permohonan.provinsi_pemohon AS permohonan_provinsi_pemohon, permohonan.tindak_pidana AS permohonan_tindak_pidana, permohonan.status_hukum AS permohonan_status_hukum, permohonan.kab_kot_locus AS permohonan_kab_kot_locus, permohonan.jenis_perlindungan AS permohonan_jenis_perlindungan FROM penelaahan LEFT JOIN pegawai ON penelaahan.id_pegawai = pegawai.id_pegawai LEFT JOIN permohonan ON penelaahan.no_reg_medan = permohonan.no_reg_medan WHERE penelaahan.no_registrasi = ? LIMIT 1 with ID: REG-2026-017
[16-Oct-2025 08:21:29 UTC] Final processed data: false
[16-Oct-2025 08:21:30 UTC] Processing jenis_perlindungan IDs: 25, 21
[16-Oct-2025 08:21:30 UTC] Executing SQL: SELECT kategori, sub_pilihan FROM jenis_perlindungan WHERE id IN (?,?) ORDER BY kategori, sub_pilihan
[16-Oct-2025 08:21:30 UTC] Query result: [{"kategori":"Bantuan","sub_pilihan":"Rehabilitasi Psikososial"},{"kategori":"Fasilitasi Ganti Rugi","sub_pilihan":"Restitusi"}]
[16-Oct-2025 08:21:30 UTC] Final result: ["Rehabilitasi Psikososial","Restitusi"]
[16-Oct-2025 08:21:31 UTC] Executing SQL: SELECT penelaahan.*, pegawai.nama_pegawai AS pegawai_nama_pegawai, permohonan.nama_pemohon AS permohonan_nama_pemohon, permohonan.jenis_kelamin AS permohonan_jenis_kelamin, permohonan.kab_kota_pemohon AS permohonan_kab_kota_pemohon, permohonan.provinsi_pemohon AS permohonan_provinsi_pemohon, permohonan.tindak_pidana AS permohonan_tindak_pidana, permohonan.status_hukum AS permohonan_status_hukum, permohonan.kab_kot_locus AS permohonan_kab_kot_locus, permohonan.jenis_perlindungan AS permohonan_jenis_perlindungan FROM penelaahan LEFT JOIN pegawai ON penelaahan.id_pegawai = pegawai.id_pegawai LEFT JOIN permohonan ON penelaahan.no_reg_medan = permohonan.no_reg_medan WHERE penelaahan.no_registrasi = ? LIMIT 1 with ID: REG-PNL-2025-020
[16-Oct-2025 08:21:31 UTC] Final processed data: {"no_registrasi":"REG-PNL-2025-020","no_reg_medan":"020\/P.MDN-LPSK\/01\/2025","proses_hukum":"Penuntutan","tanggal_dispo":"2025-04-15","proses_penalaahan":"Proses penuntutan hampir selesai","id_pegawai":4,"tgl_berakhir_penelaahan":"2025-07-15","waktu_tambahan":null,"nama_ta_penalaahan":"IM","risalah_laporan":"SUDAH","created_at":"2025-10-07 15:25:28","updated_at":"2025-10-07 15:25:28","pegawai_nama_pegawai":"Fikri Anugrah, S.H.","permohonan_nama_pemohon":"Suryanto","permohonan_jenis_kelamin":"Laki-laki","permohonan_kab_kota_pemohon":"Kab_Deli Serdang","permohonan_provinsi_pemohon":"Sumatera Utara","permohonan_tindak_pidana":"PHB","permohonan_status_hukum":"Korban","permohonan_kab_kot_locus":"Kab_Deli Serdang","permohonan_jenis_perlindungan":"Rehabilitasi Psikososial","nama_pegawai":"Fikri Anugrah, S.H.","nama_pemohon":"Suryanto","jenis_kelamin":"Laki-laki","kab_kota_pemohon":"Kab_Deli Serdang","provinsi_pemohon":"Sumatera Utara","tindak_pidana":"PHB","status_hukum":"Korban","kab_kot_locus":"Kab_Deli Serdang","jenis_perlindungan":"Rehabilitasi Psikososial"}
[16-Oct-2025 08:21:42 UTC] Final per page: 10
[16-Oct-2025 08:21:42 UTC] Per page value: 10
[16-Oct-2025 08:21:42 UTC] GET parameters: Array
(
    [t] => layanan
)

[16-Oct-2025 08:21:42 UTC] Page: 1, Per Page: 10, Offset: 0
[16-Oct-2025 08:21:42 UTC] Processing jenis_perlindungan IDs: 25, 21
[16-Oct-2025 08:21:42 UTC] Executing SQL: SELECT kategori, sub_pilihan FROM jenis_perlindungan WHERE id IN (?,?) ORDER BY kategori, sub_pilihan
[16-Oct-2025 08:21:42 UTC] Query result: [{"kategori":"Bantuan","sub_pilihan":"Rehabilitasi Psikososial"},{"kategori":"Fasilitasi Ganti Rugi","sub_pilihan":"Restitusi"}]
[16-Oct-2025 08:21:42 UTC] Final result: ["Rehabilitasi Psikososial","Restitusi"]
[16-Oct-2025 08:21:43 UTC] Executing SQL: SELECT layanan.*, pegawai.nama_pegawai AS pegawai_nama_pegawai, permohonan.status_hukum AS permohonan_status_hukum, permohonan.kab_kota_pemohon AS permohonan_kab_kota_pemohon, permohonan.provinsi_pemohon AS permohonan_provinsi_pemohon FROM layanan LEFT JOIN pegawai ON layanan.id_pegawai = pegawai.id_pegawai LEFT JOIN permohonan ON layanan.no_reg_medan = permohonan.no_reg_medan LEFT JOIN penelaahan ON layanan.no_registrasi = penelaahan.no_registrasi WHERE layanan.no_kep_smpl = ? LIMIT 1 with ID: REG-2026-017
[16-Oct-2025 08:21:43 UTC] Final processed data: {"jenis_perlindungan":""}
[16-Oct-2025 08:21:45 UTC] Executing SQL: SELECT layanan.*, pegawai.nama_pegawai AS pegawai_nama_pegawai, permohonan.status_hukum AS permohonan_status_hukum, permohonan.kab_kota_pemohon AS permohonan_kab_kota_pemohon, permohonan.provinsi_pemohon AS permohonan_provinsi_pemohon FROM layanan LEFT JOIN pegawai ON layanan.id_pegawai = pegawai.id_pegawai LEFT JOIN permohonan ON layanan.no_reg_medan = permohonan.no_reg_medan LEFT JOIN penelaahan ON layanan.no_registrasi = penelaahan.no_registrasi WHERE layanan.no_kep_smpl = ? LIMIT 1 with ID: SMPL-2025-020
[16-Oct-2025 08:21:45 UTC] Final processed data: {"no_kep_smpl":"SMPL-2025-020","no_reg_medan":"020\/P.MDN-LPSK\/01\/2025","no_registrasi":"REG-PNL-2025-020","no_spk":"SPK-2025-020","tgl_no_kep_smpl":"2025-05-10","status_spk":"Sudah TTD","nama_terlindung":"Suryanto","jenis_tindak_pidana":"PHB","tanggal_disposisi":"2025-05-15","id_pegawai":4,"tgl_mulai_layanan":"2025-05-10","masa_layanan":"3 BULAN","tambahan_masa_layanan":null,"tgl_berakhir_layanan":"2025-08-10","jenis_perlindungan":"25","wilayah_hukum":"Pengadilan Negeri Deli Serdang","nama_ta_layanan":"SMW","status":"BERJALAN","created_at":"2025-10-07 15:25:28","updated_at":"2025-10-07 15:25:28","pegawai_nama_pegawai":"Fikri Anugrah, S.H.","permohonan_status_hukum":"Korban","permohonan_kab_kota_pemohon":"Kab_Deli Serdang","permohonan_provinsi_pemohon":"Sumatera Utara","nama_pegawai":"Fikri Anugrah, S.H.","status_hukum":"Korban","kab_kota_pemohon":"Kab_Deli Serdang","provinsi_pemohon":"Sumatera Utara"}
[16-Oct-2025 08:21:45 UTC] Processing jenis_perlindungan IDs: 25
[16-Oct-2025 08:21:45 UTC] Executing SQL: SELECT kategori, sub_pilihan FROM jenis_perlindungan WHERE id IN (?) ORDER BY kategori, sub_pilihan
[16-Oct-2025 08:21:45 UTC] Query result: [{"kategori":"Bantuan","sub_pilihan":"Rehabilitasi Psikososial"}]
[16-Oct-2025 08:21:45 UTC] Final result: ["Rehabilitasi Psikososial"]
[16-Oct-2025 08:37:32 UTC] Final per page: 10
[16-Oct-2025 08:37:32 UTC] Per page value: 10
[16-Oct-2025 08:37:32 UTC] GET parameters: Array
(
    [t] => layanan
)

[16-Oct-2025 08:37:32 UTC] Page: 1, Per Page: 10, Offset: 0
[16-Oct-2025 08:37:32 UTC] Executing SQL: SELECT layanan.*, pegawai.nama_pegawai AS pegawai_nama_pegawai, permohonan.status_hukum AS permohonan_status_hukum, permohonan.kab_kota_pemohon AS permohonan_kab_kota_pemohon, permohonan.provinsi_pemohon AS permohonan_provinsi_pemohon FROM layanan LEFT JOIN pegawai ON layanan.id_pegawai = pegawai.id_pegawai LEFT JOIN permohonan ON layanan.no_reg_medan = permohonan.no_reg_medan LEFT JOIN penelaahan ON layanan.no_registrasi = penelaahan.no_registrasi WHERE layanan.no_kep_smpl = ? LIMIT 1 with ID: REG-2026-017
[16-Oct-2025 08:37:32 UTC] Final processed data: {"jenis_perlindungan":""}
[16-Oct-2025 08:37:33 UTC] Processing jenis_perlindungan IDs: 25, 21
[16-Oct-2025 08:37:33 UTC] Executing SQL: SELECT kategori, sub_pilihan FROM jenis_perlindungan WHERE id IN (?,?) ORDER BY kategori, sub_pilihan
[16-Oct-2025 08:37:33 UTC] Query result: [{"kategori":"Bantuan","sub_pilihan":"Rehabilitasi Psikososial"},{"kategori":"Fasilitasi Ganti Rugi","sub_pilihan":"Restitusi"}]
[16-Oct-2025 08:37:33 UTC] Final result: ["Rehabilitasi Psikososial","Restitusi"]
[16-Oct-2025 08:52:05 UTC] Final per page: 10
[16-Oct-2025 08:52:05 UTC] Per page value: 10
[16-Oct-2025 08:52:05 UTC] GET parameters: Array
(
    [t] => permohonan
)

[16-Oct-2025 08:52:05 UTC] Page: 1, Per Page: 10, Offset: 0
[16-Oct-2025 08:52:06 UTC] Executing SQL: SELECT permohonan.*, pegawai.nama_pegawai AS pegawai_nama_pegawai FROM permohonan LEFT JOIN pegawai ON permohonan.id_pegawai = pegawai.id_pegawai WHERE permohonan.no_reg_medan = ? LIMIT 1 with ID: REG-2026-017
[16-Oct-2025 08:52:06 UTC] Final processed data: {"jenis_perlindungan":""}
[16-Oct-2025 08:52:07 UTC] Processing jenis_perlindungan IDs: 25, 21
[16-Oct-2025 08:52:07 UTC] Executing SQL: SELECT kategori, sub_pilihan FROM jenis_perlindungan WHERE id IN (?,?) ORDER BY kategori, sub_pilihan
[16-Oct-2025 08:52:07 UTC] Query result: [{"kategori":"Bantuan","sub_pilihan":"Rehabilitasi Psikososial"},{"kategori":"Fasilitasi Ganti Rugi","sub_pilihan":"Restitusi"}]
[16-Oct-2025 08:52:07 UTC] Final result: ["Rehabilitasi Psikososial","Restitusi"]
[16-Oct-2025 08:52:08 UTC] Final per page: 10
[16-Oct-2025 08:52:08 UTC] Per page value: 10
[16-Oct-2025 08:52:08 UTC] GET parameters: Array
(
    [t] => permohonan
    [sort] => no_reg_medan
    [order] => DESC
    [q] => aceh
    [jenis_kelamin] => 
    [status_hukum] => 
    [media_pengajuan] => 
    [tempat_permohonan] => 
)

[16-Oct-2025 08:52:08 UTC] Page: 1, Per Page: 10, Offset: 0
[16-Oct-2025 08:52:08 UTC] Processing jenis_perlindungan IDs: 25, 21
[16-Oct-2025 08:52:08 UTC] Executing SQL: SELECT kategori, sub_pilihan FROM jenis_perlindungan WHERE id IN (?,?) ORDER BY kategori, sub_pilihan
[16-Oct-2025 08:52:08 UTC] Query result: [{"kategori":"Bantuan","sub_pilihan":"Rehabilitasi Psikososial"},{"kategori":"Fasilitasi Ganti Rugi","sub_pilihan":"Restitusi"}]
[16-Oct-2025 08:52:08 UTC] Final result: ["Rehabilitasi Psikososial","Restitusi"]
[16-Oct-2025 08:52:09 UTC] Executing SQL: SELECT permohonan.*, pegawai.nama_pegawai AS pegawai_nama_pegawai FROM permohonan LEFT JOIN pegawai ON permohonan.id_pegawai = pegawai.id_pegawai WHERE permohonan.no_reg_medan = ? LIMIT 1 with ID: REG-2026-017
[16-Oct-2025 08:52:09 UTC] Final processed data: {"jenis_perlindungan":""}
[18-Oct-2025 08:18:11 UTC] Final per page: 10
[18-Oct-2025 08:18:11 UTC] Per page value: 10
[18-Oct-2025 08:18:11 UTC] GET parameters: Array
(
    [t] => permohonan
)

[18-Oct-2025 08:18:11 UTC] Page: 1, Per Page: 10, Offset: 0
[18-Oct-2025 08:18:11 UTC] Processing jenis_perlindungan IDs: 25, 21
[18-Oct-2025 08:18:11 UTC] Executing SQL: SELECT kategori, sub_pilihan FROM jenis_perlindungan WHERE id IN (?,?) ORDER BY kategori, sub_pilihan
[18-Oct-2025 08:18:11 UTC] Query result: [{"kategori":"Bantuan","sub_pilihan":"Rehabilitasi Psikososial"},{"kategori":"Fasilitasi Ganti Rugi","sub_pilihan":"Restitusi"}]
[18-Oct-2025 08:18:11 UTC] Final result: ["Rehabilitasi Psikososial","Restitusi"]
[18-Oct-2025 08:18:12 UTC] Executing SQL: SELECT permohonan.*, pegawai.nama_pegawai AS pegawai_nama_pegawai FROM permohonan LEFT JOIN pegawai ON permohonan.id_pegawai = pegawai.id_pegawai WHERE permohonan.no_reg_medan = ? LIMIT 1 with ID: REG-2026-017
[18-Oct-2025 08:18:12 UTC] Final processed data: {"jenis_perlindungan":""}
